blob_id,ra,dec,l,b
0,283.6043956043956,-77.16170004885198,317.3146860953594,-26.56134212308995
0,283.3406593406594,-77.16170004885198,317.3079481305677,-26.50305078544185
0,283.0769230769231,-77.16170004885198,317.30092488102616,-26.444786752955384
0,282.81318681318686,-77.16170004885198,317.2936169015535,-26.386551157546798
0,282.72527472527474,-77.24963361016121,317.1936205465074,-26.37725617802001
0,282.98901098901104,-77.24963361016121,317.2009251990634,-26.43509483373877
0,283.1648351648352,-77.33756717147044,317.1079620591772,-26.483068185763692
0,283.3406593406594,-77.33756717147044,317.1124854947662,-26.521396800063254
0,283.51648351648356,-77.51343429408891,316.9212350286893,-26.57729862506843
0,283.7802197802198,-77.51343429408891,316.92741387149164,-26.634052926039885
0,283.95604395604397,-77.42550073277968,317.02936081884957,-26.66380375348152
0,284.21978021978026,-77.42550073277968,317.0351620858296,-26.720987016484408
0,284.13186813186815,-77.33756717147044,317.13128810921205,-26.694016934740862
0,283.95604395604397,-77.24963361016121,317.2252846317786,-26.647404664336545
0,283.69230769230774,-77.24963361016121,317.219019853389,-26.58946723353558
1,273.75824175824175,-73.90815828041036,320.2988725669248,-23.521756553923176
1,273.4945054945055,-73.90815828041036,320.2759649803613,-23.45173896762205
1,273.4065934065934,-73.99609184171959,320.1765491582693,-23.453964466972636
1,273.4945054945055,-74.08402540302882,320.09239758799515,-23.502535448384283
1,273.31868131868134,-74.17195896433806,319.98544889912966,-23.481942744892603
1,273.14285714285717,-74.25989252564729,319.87854986641366,-23.461815081090243
1,272.8791208791209,-74.25989252564729,319.85558756008925,-23.393443003180547
1,272.7032967032967,-74.34782608695652,319.748703983403,-23.374199398300554
1,272.61538461538464,-74.52369320957499,319.5581637296201,-23.404223198044114
1,272.43956043956047,-74.61162677088421,319.4514763660783,-23.385956528547116
1,272.2637362637363,-74.69956033219346,319.34484520096254,-23.3681552817779
1,272.0879120879121,-74.78749389350268,319.23827155459094,-23.350819513445142
1,272.1758241758242,-74.96336101612115,319.06331500294675,-23.426112750669454
1,272.1758241758242,-75.22716170004885,318.78912845584347,-23.505694642597295
1,272.35164835164835,-75.40302882266732,318.62057011091565,-23.600777614962528
1,272.5274725274725,-75.31509526135808,318.7265870297678,-23.61722502730937
1,272.7912087912088,-75.31509526135808,318.74794501689433,-23.681156373593296
1,272.967032967033,-75.22716170004885,318.8539904343812,-23.698487558836806
1,273.2307692307692,-75.22716170004885,318.87502791785795,-23.762920313559825
1,273.4065934065934,-75.13922813873963,318.98109516431686,-23.781135048301643
1,273.6703296703297,-75.13922813873963,319.0018059784597,-23.846067705724998
1,273.9340659340659,-75.13922813873963,319.0222213541537,-23.91108131201576
1,274.10989010989016,-75.05129457743038,319.128266356283,-23.93059671444885
1,274.3736263736264,-75.05129457743038,319.14834628816243,-23.996107300790005
1,274.4615384615385,-75.22716170004885,318.9693185128428,-24.06467575704383
1,274.4615384615385,-75.40302882266732,318.78352886868345,-24.11116572531797
1,274.54945054945057,-75.57889594528578,318.6038855386754,-24.178561878237854
1,274.6373626373627,-75.84269662921348,318.3306869087485,-24.267941014759682
1,274.6373626373627,-76.01856375183195,318.14422249110584,-24.313150415747458
1,274.72527472527474,-76.19443087445042,317.9634847227371,-24.37841991661734
1,274.81318681318686,-76.37029799706889,317.7823819989866,-24.442975624518667
1,275.0769230769231,-76.45823155837812,317.705714592979,-24.524841151557812
1,275.25274725274727,-76.37029799706889,317.810553598899,-24.543333336470535
1,275.51648351648356,-76.37029799706889,317.82708291830863,-24.603636294007604
1,275.7802197802198,-76.37029799706889,317.8433311840099,-24.66400413529116
1,275.95604395604397,-76.28236443575965,317.9481263866432,-24.683792498945124
1,276.21978021978026,-76.28236443575965,317.9640480559916,-24.7446387548873
1,276.39560439560444,-76.19443087445042,318.06883189120566,-24.76530776731681
1,276.5714285714286,-76.10649731314118,318.1736479085884,-24.786442659786932
1,276.65934065934067,-75.93063019052272,318.3676470649864,-24.767605462641505
1,276.5714285714286,-75.84269662921348,318.4566421912015,-24.726867039907905
1,276.4835164835165,-75.75476306790425,318.545479230112,-24.685828620784935
1,276.5714285714286,-75.57889594528578,318.73936438028653,-24.66676086464571
1,276.7472527472528,-75.49096238397655,318.8446016866517,-24.689496243017434
1,276.92307692307696,-75.40302882266732,318.9498678693139,-24.712696780489452
1,276.83516483516485,-75.31509526135808,319.0386381949354,-24.671211402863246
1,276.65934065934067,-75.22716170004885,319.12159201537975,-24.607608587264718
1,276.4835164835165,-75.05129457743038,319.29816523868027,-24.52291457296249
1,276.65934065934067,-74.96336101612115,319.40382038368347,-24.546641906352527
1,276.92307692307696,-74.96336101612115,319.4211260715426,-24.61323028184309
1,277.09890109890114,-74.87542745481193,319.5267504903437,-24.63783725571778
1,277.1868131868132,-74.69956033219346,319.7209534719786,-24.620611479562584
1,277.2747252747253,-74.52369320957499,319.9151957927302,-24.60365122628891
1,277.09890109890114,-74.43575964826576,319.99759055950636,-24.53784369303551
1,276.92307692307696,-74.34782608695652,320.0796186130645,-24.47151747740647
1,276.7472527472528,-74.34782608695652,320.06742816894865,-24.425397024788467
1,276.5714285714286,-74.25989252564729,320.14884654361117,-24.358341149863985
1,276.3076923076923,-74.25989252564729,320.1299357216775,-24.2889026072429
1,276.0439560439561,-74.25989252564729,320.11070840677934,-24.21953869182971
1,275.8681318681319,-74.34782608695652,320.00437069673933,-24.195282121527427
1,275.69230769230774,-74.25989252564729,320.08458105391935,-24.127171709327563
1,275.51648351648356,-74.34782608695652,319.9781696707199,-24.103470459165315
1,275.3406593406594,-74.25989252564729,320.0578943835093,-24.034942553473723
1,275.0769230769231,-74.25989252564729,320.0375134775035,-23.965862900918925
1,274.81318681318686,-74.17195896433806,320.10950467235915,-23.873406874831627
1,274.6373626373627,-74.08402540302882,320.18797348840206,-23.803457073394977
1,274.4615384615385,-74.08402540302882,320.1736515550034,-23.757056699207308
1,274.28571428571433,-73.99609184171959,320.25148520975733,-23.686402943641973
1,274.02197802197804,-73.99609184171959,320.22936948556577,-23.61656912476403
1,273.75824175824175,-73.90815828041036,320.2988725669248,-23.521756553923176
2,280.2637362637363,-76.01856375183195,318.46086406215545,-25.641352667560128
2,280.0,-76.01856375183195,318.4490106412475,-25.57853496980585
2,279.8241758241758,-76.10649731314118,318.34494215462377,-25.55184442427245
2,279.64835164835165,-76.19443087445042,318.2408822139099,-25.52561804953194
2,279.91208791208794,-76.28236443575965,318.15679641211835,-25.60252393528322
2,280.1758241758242,-76.28236443575965,318.16838378225424,-25.66418685417771
2,280.2637362637363,-76.10649731314118,318.3646596997995,-25.655881945188685
3,274.3736263736264,-74.78749389350268,319.4264163737293,-23.925252836330056
3,274.1978021978022,-74.87542745481193,319.3201948975033,-23.9047583677141
3,274.02197802197804,-74.87542745481193,319.3064957331205,-23.860625828666592
3,273.84615384615387,-74.78749389350268,319.3849983651469,-23.792128656352933
3,274.10989010989016,-74.78749389350268,319.4058583689244,-23.858650068528892
3,274.3736263736264,-74.78749389350268,319.4264163737293,-23.925252836330056
4,274.28571428571433,-74.61162677088421,319.60470085528175,-23.855286552867714
4,274.10989010989016,-74.69956033219346,319.4983203594901,-23.834557309171064
4,274.1978021978022,-74.61162677088421,319.5977413475771,-23.832843421387626
5,279.3846153846154,-73.73229115779189,320.90175102638904,-24.9999195529734
5,279.20879120879124,-73.82022471910112,320.795890192327,-24.96929069977469
5,279.03296703296706,-73.90815828041036,320.69004006857807,-24.93912372889527
5,278.8571428571429,-73.99609184171959,320.58420188518784,-24.909418886918587
5,278.7692307692308,-74.17195896433806,320.3889486204861,-24.921779010911372
5,278.7692307692308,-74.34782608695652,320.19906639348426,-24.957620906249833
5,278.94505494505495,-74.34782608695652,320.20962228112523,-25.00408265516223
5,279.1208791208791,-74.43575964826576,320.1248686158769,-25.067906387288563
5,279.3846153846154,-74.52369320957499,320.04475293782315,-25.15421893373992
5,279.64835164835165,-74.52369320957499,320.0595084940045,-25.223315921078992
5,279.8241758241758,-74.43575964826576,320.16471758812327,-25.253133926212872
5,280.0,-74.52369320957499,320.0786809488281,-25.315533898378334
5,280.1758241758242,-74.43575964826576,320.1837781587625,-25.34590061927726
5,280.35164835164835,-74.34782608695652,320.2888801706636,-25.376729252664774
5,280.2637362637363,-74.25989252564729,320.3799181904444,-25.33761286066353
5,280.2637362637363,-74.08402540302882,320.5712833496714,-25.305870668408414
5,280.0879120879121,-73.99609184171959,320.65710237448275,-25.242253130865205
5,280.0,-74.08402540302882,320.5566223833622,-25.234772602902623
5,279.8241758241758,-73.99609184171959,320.6420869028721,-25.170820780513996
5,279.5604395604396,-73.90815828041036,320.7220002975789,-25.082429389509027
5,279.4725274725275,-73.82022471910112,320.81195345946367,-25.041325030540904
6,272.967032967033,-72.23742061553493,321.95953465329376,-22.805311738810637
6,272.7032967032967,-72.23742061553493,321.9324097624018,-22.728839173691718
6,272.967032967033,-72.32535417684416,321.868790060335,-22.832445535782636
7,273.4065934065934,-72.23742061553493,322.0040009583351,-22.93299737723691
7,273.14285714285717,-72.23742061553493,321.9774326228635,-22.856351532291207
7,273.4065934065934,-72.32535417684416,321.9129669357002,-22.959544425024752
8,273.9340659340659,-71.70981924767953,322.6036553996373,-22.930449704631823
8,273.6703296703297,-71.70981924767953,322.5767264339386,-22.851486864697478
8,273.4945054945055,-71.70981924767953,322.5585832893416,-22.79890297743049
8,273.31868131868134,-71.70981924767953,322.5402880718574,-22.746365958013932
8,273.05494505494505,-71.70981924767953,322.5125607231806,-22.667649172669773
8,272.967032967033,-71.79775280898876,322.4127150217705,-22.668874560542697
8,273.05494505494505,-71.885686370298,322.33135226924196,-22.722245989354107
8,273.14285714285717,-71.97361993160723,322.2497988846012,-22.775344662340117
8,273.31868131868134,-72.06155349291646,322.1770273789624,-22.853953037708553
8,273.5824175824176,-72.06155349291646,322.2037182443472,-22.93137150674255
8,273.75824175824175,-71.97361993160723,322.312481624894,-22.956807739158283
8,274.02197802197804,-71.97361993160723,322.3387800531543,-23.034749093147106
8,274.10989010989016,-71.79775280898876,322.5301366369361,-23.00906906682414
8,273.9340659340659,-71.70981924767953,322.6036553996373,-22.930449704631823
9,253.01098901098902,-65.02686858817782,325.01455175838436,-13.081669650677576
9,252.74725274725276,-65.02686858817782,324.9446697111757,-12.993559999125457
9,252.65934065934067,-65.20273571079629,324.77879595029407,-13.072191263735155
9,252.4835164835165,-65.29066927210552,324.6611365430539,-13.06814160156081
9,252.3956043956044,-65.46653639472399,324.49569272029953,-13.147556948320036
9,252.30769230769232,-65.64240351734244,324.3304109471086,-13.227284735195308
9,252.21978021978023,-65.81827063996091,324.16529129113223,-13.307324753532647
9,252.04395604395606,-65.90620420127016,324.0485926217436,-13.305147640639841
9,251.95604395604397,-66.08207132388861,323.8839079736174,-13.385970603187909
9,252.21978021978023,-66.17000488519786,323.8806316575716,-13.52423026091318
9,252.3956043956044,-66.25793844650708,323.85417596156907,-13.634229063020104
9,252.65934065934067,-66.25793844650708,323.92109751772097,-13.718176636932617
9,252.83516483516485,-66.25793844650708,323.9655359379238,-13.774283634514804
9,252.92307692307693,-66.34587200781633,323.91577435227276,-13.855805006966472
9,253.0989010989011,-66.25793844650708,324.03192889058136,-13.858656070513957
9,253.27472527472528,-66.17000488519786,324.14823167124763,-13.861965843592955
9,253.36263736263737,-65.99413776257938,324.31479882991067,-13.784256285957502
9,253.53846153846155,-65.90620420127016,324.43151273957653,-13.788498630516346
9,253.62637362637363,-65.73033707865169,324.5984976952971,-13.711574011067452
9,253.71428571428572,-65.55446995603322,324.7656360734602,-13.634960890114561
9,253.8021978021978,-65.37860283341476,324.93292780852846,-13.558659439301723
9,253.71428571428572,-65.29066927210552,324.98261031325757,-13.476532866165165
9,253.45054945054946,-65.20273571079629,324.9863438184696,-13.335416776990803
9,253.27472527472528,-65.20273571079629,324.94047653328397,-13.276718057914563
9,253.0989010989011,-65.11480214948705,324.9661339051913,-13.164626976161555
10,233.05494505494508,-36.09672691744016,335.84287091855754,16.29980273583954
10,232.8791208791209,-36.18466047874939,335.66949613353194,16.314106885170265
10,232.79120879120882,-36.360527601367856,335.50107333364855,16.215054118657683
10,232.70329670329673,-36.53639472398632,335.33304793487633,16.115626799313993
10,232.52747252747255,-36.624328285295555,335.16041867106026,16.128438149866707
10,232.43956043956047,-36.800195407914025,334.9931257210437,16.02816045106048
10,232.43956043956047,-36.88812896922325,334.9391660137066,15.957155667128529
10,232.61538461538464,-37.06399609184172,334.9490367731583,15.732280014954007
10,232.70329670329673,-37.15192965315095,334.9537000645813,15.619907654599004
10,232.61538461538464,-37.32779677576942,334.78714523213944,15.519480878597644
10,232.43956043956047,-37.41573033707866,334.61620368062233,15.530847608933946
10,232.35164835164838,-37.59159745969712,334.45038418208253,15.429576404020693
10,232.1758241758242,-37.41573033707866,334.44015212110327,15.653825736840862
10,232.08791208791212,-37.239863214460186,334.48821749355335,15.83733572705899
10,231.91208791208794,-37.239863214460186,334.3700918106096,15.91909062655413
10,231.82417582417585,-37.41573033707866,334.2045333755527,15.816837988010924
10,231.64835164835168,-37.503663898387885,334.03336130556016,15.826274365888436
10,231.73626373626377,-37.679531021006355,333.9863909793906,15.64259600811393
10,231.91208791208794,-37.85539814362482,333.9977880503041,15.41870607078127
10,232.00000000000003,-37.94333170493405,334.0032088889,15.30682546819321
10,231.91208791208794,-38.119198827552516,333.838781278953,15.20406525225621
10,231.73626373626377,-38.20713238886175,333.669226871272,15.21260839169059
10,231.64835164835168,-38.382999511480214,333.5055514948829,15.109011058839345
10,231.4725274725275,-38.47093307278945,333.3364612529444,15.11654953127647
10,231.38461538461542,-38.64680019540791,333.17354426018824,15.012117735876346
10,231.20879120879124,-38.73473375671715,333.0049270641259,15.018653050780102
10,231.29670329670333,-38.91060087933561,332.95895201373935,14.835222265479931
10,231.20879120879124,-39.08646800195408,332.796998609502,14.72998065884999
10,231.12087912087915,-39.262335124572544,332.635451566148,14.624378288532906
10,230.94505494505498,-39.17440156326332,332.5713077372651,14.7741722096342
10,230.76923076923077,-39.262335124572544,332.403698736195,14.778905347654431
10,230.5054945054945,-39.262335124572544,332.22926202991533,14.894076307164854
10,230.41758241758242,-39.438202247191015,332.0688725482834,14.786775507800698
10,230.41758241758242,-39.52613580850024,332.01786120959554,14.713982370721137
10,230.32967032967034,-39.70200293111871,331.8580374820095,14.606240884181393
10,230.15384615384616,-39.78993649242795,331.6914001313901,14.60878082368112
10,230.15384615384616,-40.05373717635565,331.53963120651923,14.389689814433732
10,229.97802197802199,-40.141670737664874,331.3737437065639,14.391303244276715
10,229.8021978021978,-40.22960429897411,331.20800091072874,14.392386945349957
10,229.62637362637363,-40.317537860283345,331.0424052266831,14.392941033099495
10,229.53846153846155,-40.49340498290181,330.8849616407099,14.282749025896875
10,229.62637362637363,-40.66927210552028,330.84295317949375,14.099095773307807
10,229.71428571428572,-40.757205666829506,330.85050847097136,13.989009745598494
10,229.62637362637363,-40.84513922813874,330.7434204123245,13.952111539007051
10,229.53846153846155,-41.021006350757204,330.586880275552,13.841436548000283
10,229.45054945054946,-41.10893991206644,330.48020805872954,13.804069798301688
10,229.62637362637363,-41.196873473375675,330.5447337905877,13.658022340000937
10,229.8901098901099,-41.196873473375675,330.71528500653545,13.548920464991683
10,229.8021978021978,-41.2848070346849,330.6087231081418,13.511929576666239
10,229.71428571428572,-41.46067415730337,330.45269025152425,13.4012333513151
10,229.53846153846155,-41.54860771861261,330.28992863302744,13.399765209871719
10,229.45054945054946,-41.72447484123107,330.1346947981819,13.28826530272748
10,229.36263736263737,-41.900341963849534,329.979875568054,13.176419592015675
10,229.36263736263737,-41.98827552515877,329.93078455143063,13.10261635011595
10,229.36263736263737,-42.16414264777724,329.8326906210065,12.95498208211951
10,229.36263736263737,-42.3400097703957,329.7347129260643,12.807311165592388
10,229.53846153846155,-42.515876893014166,329.74831690855586,12.58914600862964
10,229.71428571428572,-42.6038104543234,329.8103331318069,12.444788777668595
10,229.8901098901099,-42.691744015632636,329.87181691232905,12.30039213638983
10,230.06593406593407,-42.779677576941864,329.9327692767552,12.15595779788248
10,230.24175824175825,-42.779677576941864,330.042869610344,12.084780707296858
10,230.41758241758242,-42.779677576941864,330.15275932710233,12.013336214666099
10,230.5934065934066,-42.691744015632636,330.3124885988028,12.014667289300986
10,230.6813186813187,-42.515876893014166,330.46768874859384,12.124587356423106
10,230.6813186813187,-42.25207620908647,330.6184263193997,12.343423617516805
10,230.76923076923077,-42.076209086468005,330.77444902412185,12.452760139012192
10,230.76923076923077,-41.98827552515877,330.8248924474653,12.525607729566232
10,230.94505494505498,-41.98827552515877,330.9356825792425,12.452268671959699
10,231.03296703296706,-42.25207620908647,330.838986136229,12.197477228732936
10,231.29670329670333,-42.25207620908647,331.0038405912006,12.087319781206345
10,231.4725274725275,-42.3400097703957,331.0624372498198,11.941164613137822
10,231.5604395604396,-42.42794333170494,331.06599543470287,11.831908798819198
10,231.5604395604396,-42.515876893014166,331.0149290168642,11.759565805682572
10,231.4725274725275,-42.691744015632636,330.85856162975045,11.651528720358911
10,231.20879120879124,-42.691744015632636,330.6952975308752,11.761163147154557
10,231.12087912087915,-42.8676111382511,330.5396699484789,11.652214201205538
10,231.03296703296706,-43.04347826086957,330.3844357048281,11.54291964716804
10,230.94505494505498,-43.21934538348803,330.2295950245893,11.433280360042195
10,230.76923076923077,-43.30727894479727,330.0711317512776,11.431940427025541
10,230.6813186813187,-43.48314606741573,329.9170621590167,11.321504589163872
10,230.5054945054945,-43.571079628724966,329.75914020390223,11.319197570350802
10,230.24175824175825,-43.571079628724966,329.59672240521127,11.424831128663492
10,230.06593406593407,-43.659013190034194,329.4389201816093,11.421432350254122
10,229.8021978021978,-43.659013190034194,329.2759960767411,11.525891851830663
10,229.53846153846155,-43.659013190034194,329.1126131927833,11.629752381280191
10,229.36263736263737,-43.74694675134343,328.9548996074078,11.624681051880636
10,229.1868131868132,-43.834880312652665,328.7973638683993,11.619095674516895
10,229.01098901098902,-43.9228138739619,328.6400082090451,11.612996583042618
10,228.74725274725276,-43.834880312652665,328.523922118028,11.788921790349965
10,228.57142857142858,-43.834880312652665,328.41419382176514,11.85638032878258
10,228.3956043956044,-43.659013190034194,328.3993458051899,12.072831586245416
10,228.3956043956044,-43.571079628724966,328.44692580099957,12.147451245725989
10,228.3956043956044,-43.30727894479727,328.58982660656415,12.371261202972995
10,228.4835164835165,-43.1314118221788,328.740939542961,12.486396799152518
10,228.65934065934067,-43.04347826086957,328.90021743846444,12.49252579457102
10,228.92307692307693,-43.04347826086957,329.0669989282527,12.389440022179876
10,229.01098901098902,-43.04347826086957,329.12248956267234,12.354941850783907
10,229.01098901098902,-42.779677576941864,329.2677606234844,12.577361526764493
10,228.92307692307693,-42.691744015632636,329.2603941460327,12.686219296657523
10,228.65934065934067,-42.6038104543234,329.14069512739496,12.864364738328645
10,228.57142857142858,-42.691744015632636,329.0364886375418,12.824475414192097
10,228.57142857142858,-42.8676111382511,328.94044850635703,12.675630495332173
10,228.4835164835165,-42.955544699560335,328.8366326025683,12.635410856666697
10,228.3956043956044,-43.1314118221788,328.6852296404257,12.520426427726992
10,228.13186813186815,-43.1314118221788,328.5177928056411,12.62210363104761
10,227.95604395604397,-43.21934538348803,328.35864934002853,12.614673537939543
10,227.95604395604397,-43.395212506106496,328.2642052402465,12.46490692975844
10,227.86813186813188,-43.48314606741573,328.16137120441715,12.4233953349422
10,227.6923076923077,-43.571079628724966,328.0030337655529,12.414878884456519
10,227.42857142857144,-43.48314606741573,327.8823521918377,12.589281910664077
10,227.25274725274727,-43.395212506106496,327.81684271597476,12.73051128387526
10,227.0769230769231,-43.395212506106496,327.70449959672476,12.796219031523329
10,226.90109890109892,-43.30727894479727,327.63806354924486,12.937228207206504
10,226.72527472527474,-43.395212506106496,327.4792131337966,12.92679726988364
10,226.46153846153848,-43.395212506106496,327.30972469647094,13.023995402894583
10,226.54945054945057,-43.571079628724966,327.27488348758504,12.840025569897099
10,226.72527472527474,-43.74694675134343,327.2958032552648,12.623939585720176
10,226.72527472527474,-43.9228138739619,327.20426173002664,12.47246368822965
10,226.63736263736266,-44.09868099658036,327.05712666901974,12.352971170633337
10,226.46153846153848,-44.1866145578896,326.90018294021695,12.340856007596182
10,226.3736263736264,-44.36248168050806,326.75390332218916,12.220599184337189
10,226.19780219780222,-44.450415241817296,326.59759424206624,12.207535603725344
10,226.10989010989013,-44.62628236443576,326.452174273125,12.086518518637687
10,225.93406593406596,-44.714215925744995,326.296507139405,12.072510050160032
10,225.84615384615387,-44.89008304836346,326.1519509368491,11.950736800663543
10,225.75824175824178,-45.06595017098193,326.0078288370796,11.828642653301912
10,225.93406593406596,-45.24181729360039,326.0289841204576,11.614460118703912
10,226.02197802197804,-45.329750854909626,326.0392437443623,11.507422765905687
10,226.02197802197804,-45.593551538837325,325.90560071523555,11.278452692149587
10,225.84615384615387,-45.68148510014656,325.75229500289095,11.262943224898407
10,225.75824175824178,-45.85735222276502,325.6094659900952,11.140226238597602
10,225.5824175824176,-45.94528578407426,325.4568179993309,11.123785134866182
10,225.49450549450552,-46.12115290669272,325.3148546355789,11.000324513707735
10,225.49450549450552,-46.29702002931119,325.22730172142565,10.846900239913492
10,225.5824175824176,-46.38495359062042,325.2373981282659,10.74051699166542
10,225.75824175824178,-46.56082071323889,325.25694907402595,10.52786072954333
10,225.6703296703297,-46.64875427454812,325.159521471363,10.480918459444409
10,225.5824175824176,-46.82462139716659,325.01853449351023,10.35709538435809
10,225.40659340659343,-46.912554958475816,324.86825951975686,10.33898588154657
10,225.31868131868134,-47.088422081094286,324.72813758692587,10.214428137201807
10,225.14285714285717,-47.17635564240352,324.57853695440554,10.195400964621625
10,225.05494505494508,-47.352222765021985,324.43928371769505,10.070112797578448
10,224.8791208791209,-47.44015632633122,324.29036405912495,10.050171925148828
10,224.79120879120882,-47.61602344894968,324.1519830902213,9.9241576272251
10,224.61538461538464,-47.70395701025892,324.0037509590773,9.903307098143843
10,224.70329670329673,-47.87982413287738,323.97151968332105,9.72052630917505
10,224.8791208791209,-48.05569125549585,323.9912726752062,9.509792918590488
10,224.967032967033,-48.14362481680508,324.0008233597667,9.404481334519614
10,224.8791208791209,-48.31949193942355,323.8633829151633,9.278123380485562
10,224.70329670329673,-48.40742550073278,323.71685560977636,9.256551922074028
10,224.61538461538464,-48.58329262335125,323.5802864420848,9.129476754543536
10,224.43956043956047,-48.67122618466048,323.43445559675524,9.107006061714529
10,224.35164835164838,-48.847093307278946,323.29876106826504,8.979218038874773
10,224.1758241758242,-48.93502686858818,323.1536329633311,8.955852320949674
10,224.00000000000003,-49.02296042989741,323.00876096667906,8.932003502624022
10,223.91208791208794,-49.19882755251588,322.87439720121426,8.803099376060311
10,223.73626373626377,-49.28676111382511,322.7302377745601,8.778361834582029
10,223.91208791208794,-49.46262823644358,322.75046524321124,8.569471447884103
10,224.00000000000003,-49.55056179775281,322.76024834161285,8.465079961740633
10,224.08791208791212,-49.726428920371276,322.7283690655188,8.282937661695426
10,224.00000000000003,-49.90229604298974,322.5949099694698,8.153710057923071
10,223.82417582417585,-49.990229604298975,322.45245356686195,8.128274651648853
10,223.73626373626377,-50.16609672691744,322.3198735537484,7.998349757245316
10,223.5604395604396,-50.25403028822667,322.1781378643113,7.972036316979931
10,223.38461538461542,-50.34196384953591,322.03666995964585,7.945248734833692
10,223.29670329670333,-50.51783097215437,321.9054309335488,7.81423160376352
10,223.4725274725275,-50.69369809477284,321.9246818552183,7.606826240480768
10,223.5604395604396,-50.78163165608207,321.93397371287824,7.503178044731793
10,223.64835164835168,-50.95749877870054,321.9023154494393,7.3214592342681275
10,223.4725274725275,-51.045432340009775,321.76254396128786,7.293983847675748
10,223.38461538461542,-51.22129946262824,321.6321787005825,7.162658105629083
10,223.20879120879124,-51.30923302393747,321.4931392099604,7.134317551451383
10,223.03296703296704,-51.3971665852467,321.3543752502741,7.105509922746171
10,222.94505494505495,-51.57303370786517,321.22535511998893,6.973109010065654
10,222.76923076923077,-51.6609672691744,321.0873322302197,6.943443015701451
10,222.94505494505495,-51.83683439179287,321.1059606157102,6.737442149357723
10,223.03296703296704,-51.924767953102105,321.1149382288175,6.6344963961308165
10,223.20879120879124,-52.01270151441133,321.1722710953071,6.507129543866037
10,223.12087912087915,-52.1885686370298,321.04380493925754,6.374654579865988
10,222.94505494505495,-52.27650219833903,320.907225443998,6.344600212586136
10,222.76923076923077,-52.364435759648266,320.770927848456,6.314085205548841
10,222.85714285714286,-52.54030288226673,320.7400572193764,6.132818098209224
10,223.03296703296704,-52.7161700048852,320.7566300915314,5.927763838583951
10,223.12087912087915,-52.804103566194435,320.7645787411326,5.825294047090263
10,223.29670329670333,-52.89203712750366,320.819835928661,5.698861868239035
10,223.4725274725275,-53.06790425012213,320.83433824717076,5.494099125350918
10,223.5604395604396,-53.15583781143136,320.84125193004587,5.391778197964276
10,223.4725274725275,-53.33170493404983,320.71372053447453,5.259216327155245
10,223.29670329670333,-53.41963849535907,320.5797825193314,5.228478707644138
10,223.20879120879124,-53.59550561797753,320.45312368862886,5.0952491186547455
10,223.20879120879124,-53.683439179286765,320.4132717769027,5.016785931827098
10,223.38461538461542,-53.77137274059599,320.46643647759714,4.89129667527882
10,223.5604395604396,-53.94723986321446,320.47884554204086,4.687509779731022
10,223.64835164835168,-54.03517342452369,320.4847111887555,4.585679539900122
10,223.82417582417585,-54.21104054714216,320.4957647148815,4.382147736304576
10,224.00000000000003,-54.2989741084514,320.5466058381616,4.256800044240704
10,224.08791208791212,-54.2989741084514,320.59222669646044,4.233093612003246
10,224.2637362637363,-54.21104054714216,320.7243725692503,4.263350739224554
10,224.43956043956047,-54.123106985832926,320.85679806076723,4.293155049099835
10,224.61538461538464,-54.03517342452369,320.98950141797076,4.3225055718300345
10,224.70329670329673,-54.123106985832926,320.99367453727035,4.220647905237822
10,224.8791208791209,-54.2989741084514,321.0013465862236,4.017072279277059
10,224.967032967033,-54.2989741084514,321.04664012876503,3.992775027831705
10,225.14285714285717,-54.21104054714216,321.1791296955639,4.021313247933125
10,225.31868131868134,-54.123106985832926,321.31189203789114,4.049396357678373
10,225.40659340659343,-53.94723986321446,321.44185768322905,4.178975458506991
10,225.5824175824176,-53.85930630190523,321.57533521728107,4.206205997598904
10,225.75824175824178,-53.77137274059599,321.7090805083319,4.232978396388735
10,225.84615384615387,-53.59550561797753,321.8403271421049,4.361473920058707
10,226.02197802197804,-53.683439179286765,321.88867355078605,4.233904357658241
10,226.10989010989013,-53.77137274059599,321.8910829068876,4.1317686628199235
10,226.2857142857143,-53.94723986321446,321.8952341798945,3.9276489378732924
10,226.46153846153848,-54.03517342452369,321.9419933120519,3.800209186502613
10,226.54945054945057,-54.123106985832926,321.9433804117457,3.698275940062752
10,226.72527472527474,-54.2989741084514,321.94548719649737,3.494567395743901
10,226.90109890109892,-54.386907669760625,321.99066159111703,3.367273185302646
10,226.989010989011,-54.21104054714216,322.12321320345103,3.493977869797894
10,227.16483516483518,-54.123106985832926,322.2566110677468,3.5184478351281965
10,227.34065934065936,-54.03517342452369,322.3902656537636,3.5424574703609246
10,227.51648351648353,-54.123106985832926,322.43483719071827,3.414422457327955
10,227.60439560439562,-54.21104054714216,322.4345514701976,3.3125354789578583
10,227.7802197802198,-54.386907669760625,322.43331599206743,3.1089302727682644
10,227.95604395604397,-54.2989741084514,322.5665583671481,3.1320886673644033
10,228.04395604395606,-54.123106985832926,322.70112669336237,3.2566676976950144
10,228.21978021978023,-54.03517342452369,322.8350436814175,3.2789564008623717
10,228.3956043956044,-54.123106985832926,322.8779481322426,3.150359083848204
10,228.57142857142858,-54.21104054714216,322.9203345082427,3.021767419442623
10,228.65934065934067,-54.2989741084514,322.91838394352936,2.9199539141702706
10,228.83516483516485,-54.2989741084514,323.00598688417784,2.8663564393162875
10,228.92307692307693,-54.123106985832926,323.14211433467693,2.9891978053760986
10,229.0989010989011,-54.03517342452369,323.2762726626971,3.009767137742542
10,229.27472527472528,-54.03517342452369,323.36408788579416,2.9552521300997303
10,229.45054945054946,-54.21104054714216,323.35822988657594,2.751506215934819
10,229.62637362637363,-54.2989741084514,323.39843399285587,2.622396253630843
10,229.62637362637363,-54.47484123106986,323.30456188341645,2.473618927921077
10,229.45054945054946,-54.562774792379095,323.1712412988745,2.4534719649634456
10,229.27472527472528,-54.65070835368832,323.03816223997245,2.4328622879523083
10,229.36263736263737,-54.82657547630679,322.9880898708224,2.25678849681331
10,229.53846153846155,-55.002442598925256,322.98036177739465,2.054098207478089
10,229.71428571428572,-55.09037616023449,323.018742082256,1.926004731945223
10,229.8021978021978,-55.09037616023449,323.0612820000463,1.8991061804138918
10,229.97802197802199,-55.002442598925256,323.19353427343896,1.9193041820201704
10,230.06593406593407,-54.82657547630679,323.33081999522267,2.0403736482410024
10,230.24175824175825,-54.73864191499756,323.46371997435324,2.059694666686467
10,230.32967032967034,-54.562774792379095,323.601770958249,2.180045077432584
10,230.5054945054945,-54.47484123106986,323.73531275151424,2.1984855727148354
10,230.6813186813187,-54.386907669760625,323.86908772659956,2.2164610819648534
10,230.76923076923077,-54.47484123106986,323.86383197508826,2.1148750155507288
10,230.94505494505498,-54.65070835368832,323.852665888521,1.911903630825546
10,231.12087912087915,-54.73864191499756,323.88913396596683,1.7825618515864667
10,231.29670329670333,-54.65070835368832,324.0224788013262,1.7997187773068564
10,231.38461538461542,-54.47484123106986,324.1624314280277,1.9178766765633075
10,231.5604395604396,-54.386907669760625,324.29640112417883,1.9341464518191975
10,231.64835164835168,-54.21104054714216,324.4370989199526,2.051573711675119
10,231.82417582417585,-54.123106985832926,324.57168746942835,2.066953061906244
10,231.91208791208794,-53.94723986321446,324.7131266510267,2.183646420842705
10,232.08791208791212,-53.85930630190523,324.84832800196335,2.1981321408192
10,232.1758241758242,-53.683439179286765,324.99050473607497,2.314088385514885
10,232.35164835164838,-53.59550561797753,325.12631279254236,2.3276773402509927
10,232.43956043956047,-53.683439179286765,325.11938327672465,2.225692770972867
10,232.61538461538464,-53.77137274059599,325.15499315211673,2.0942138831760957
10,232.79120879120882,-53.94723986321446,325.1398025895382,1.8906173801741997
10,232.8791208791209,-53.94723986321446,325.182261093323,1.8610180491549853
10,233.05494505494508,-53.85930630190523,325.31762414002344,1.8736207404262555
10,233.14285714285717,-53.683439179286765,325.46137194387,1.9875890209512537
10,233.31868131868134,-53.59550561797753,325.5973266618343,1.9992903599837228
10,233.40659340659343,-53.41963849535907,325.74179252134763,2.112512270553456
10,233.49450549450552,-53.243771372740596,325.88659563974045,2.2254171931789837
10,233.6703296703297,-53.243771372740596,325.97228933600735,2.164281246368109
10,233.84615384615387,-53.41963849535907,325.9550375564657,1.9601814670626128
10,234.02197802197804,-53.507572056668295,325.98849601517094,1.827626990001596
10,234.19780219780222,-53.59550561797753,326.0214465800158,1.6951171674031926
10,234.2857142857143,-53.41963849535907,326.1673005832254,1.806513726962958
10,234.46153846153848,-53.33170493404983,326.30394070486307,1.8155950373162297
10,234.54945054945057,-53.15583781143136,326.4504944381595,1.9262372330488644
10,234.72527472527474,-53.06790425012213,326.58770021678635,1.9344079550406588
10,234.81318681318683,-52.89203712750366,326.73494953676874,2.0442930391899794
10,234.90109890109892,-52.7161700048852,326.88252637293374,2.153856213955942
10,235.0769230769231,-52.628236443575965,327.0206554106214,2.160675885773887
10,235.16483516483518,-52.4523693209575,327.1689222700557,2.2694779411541965
10,235.34065934065936,-52.364435759648266,327.30760150678105,2.275380645496973
10,235.42857142857144,-52.1885686370298,327.4565541242843,2.383418967595117
10,235.51648351648353,-52.01270151441133,327.60583127296536,2.491132105051592
10,235.6923076923077,-51.924767953102105,327.74541125075467,2.4956743575798863
10,235.7802197802198,-51.748900830483635,327.8953684079947,2.6026199436193895
10,236.04395604395606,-51.748900830483635,328.02511092858094,2.503316874820833
10,236.13186813186815,-51.83683439179287,328.0145324652428,2.400471558525895
10,236.30769230769232,-51.924767953102105,328.04665637138964,2.2645224544882265
10,236.4835164835165,-52.10063507572057,328.0242121920638,2.059249031230974
10,236.57142857142858,-51.924767953102105,328.1751305320292,2.1646605038803983
10,236.65934065934067,-51.748900830483635,328.32636460867514,2.2697438599080435
10,236.83516483516485,-51.6609672691744,328.4664784173745,2.2716326757227123
10,236.92307692307693,-51.485100146555936,328.61837340844454,2.37594221832636
10,237.01098901098902,-51.30923302393747,328.770582360562,2.4799218626173665
10,237.1868131868132,-51.22129946262824,328.91155309281635,2.480437194460586
10,237.27472527472528,-51.045432340009775,329.0644169275578,2.5836396411414912
10,237.36263736263737,-50.869565217391305,329.2175928897812,2.6865104543300364
10,237.27472527472528,-50.78163165608207,329.22909016204164,2.7898752866119905
10,237.0989010989011,-50.69369809477284,329.19673136371784,2.927968566360868
10,236.92307692307693,-50.51783097215437,329.2184583841747,3.135116263703514
10,237.01098901098902,-50.34196384953591,329.37172453454775,3.238303138317361
10,237.0989010989011,-50.16609672691744,329.5253068930373,3.3411569078783527
10,237.27472527472528,-50.07816316560821,329.6685129145517,3.3397198252782596
10,237.36263736263737,-49.90229604298974,329.82274808677596,3.441790917736418
10,237.45054945054946,-49.726428920371276,329.9772975393284,3.5435271935153647
10,237.53846153846155,-49.55056179775281,330.13216094480936,3.6449280550409213
10,237.71428571428572,-49.46262823644358,330.27652599928217,3.6416545353475627
10,237.8021978021978,-49.37469467513434,330.37651929888705,3.6739801551465967
10,237.97802197802199,-49.46262823644358,330.4098499129492,3.5335944012714777
10,238.15384615384616,-49.63849535906204,330.3868700188818,3.325231468142016
10,238.32967032967034,-49.726428920371276,330.4190530530575,3.185082440078063
10,238.41758241758242,-49.55056179775281,330.5750811700976,3.2845977719928725
10,238.5054945054945,-49.37469467513434,330.73141520372553,3.3837759983643214
10,238.6813186813187,-49.28676111382511,330.8759985254964,3.3783019981635634
10,238.7692307692308,-49.110893991206645,331.03296050767733,3.4766897719166243
10,238.8571428571429,-48.93502686858818,331.19022631709606,3.5747389201766837
10,238.94505494505498,-48.75915974596971,331.347795568224,3.6724489009738557
10,239.12087912087915,-48.67122618466048,331.49347915562987,3.665125976151665
10,239.12087912087915,-48.49535906204201,331.60704613153496,3.7996118331725106
10,238.94505494505498,-48.40742550073278,331.57430078118375,3.9419645024197396
10,238.7692307692308,-48.231558378114315,331.5975626958075,4.151871144637454
10,238.5934065934066,-48.14362481680508,331.5636815537088,4.29445910772967
10,238.7692307692308,-48.05569125549585,331.71059403373226,4.286861249938529
10,238.8571428571429,-47.87982413287738,331.86902512937337,4.384005129826459
10,238.94505494505498,-47.70395701025892,332.02776196574024,4.480807091133421
10,239.03296703296706,-47.52808988764045,332.18680412320504,4.577266598106143
10,239.20879120879124,-47.44015632633122,332.3347922898294,4.567810646626924
10,239.29670329670333,-47.26428920371275,332.49445058080164,4.663470837737656
10,239.38461538461542,-47.088422081094286,332.65441191090156,4.7587871614296695
10,239.4725274725275,-46.912554958475816,332.8146758322664,4.8537591019998985
10,239.5604395604396,-46.73668783585735,332.97524188993054,4.9483861480236575
10,239.73626373626377,-46.64875427454812,333.1245852542264,4.936609247340332
10,239.82417582417585,-46.472887151929655,333.28575663557524,5.030432923981946
10,239.91208791208794,-46.29702002931119,333.4472277674058,5.123910384701679
10,240.00000000000003,-46.12115290669272,333.60899816627546,5.217041139179281
10,240.08791208791212,-45.94528578407426,333.77106734155194,5.309824701628166
10,240.1758241758242,-45.76941866145579,333.9334347953933,5.402260590845057
10,240.08791208791212,-45.68148510014656,333.9449567192731,5.508877550388645
10,239.91208791208794,-45.593551538837325,333.9095874941863,5.655868273749539
10,239.73626373626377,-45.41768441621886,333.9314473531304,5.869504485921203
10,239.82417582417585,-45.24181729360039,334.0940282430714,5.9622259755796945
10,239.91208791208794,-45.06595017098193,334.25691114729227,6.054598049797205
10,240.00000000000003,-44.89008304836346,334.4200955474339,6.146620223207645
10,240.08791208791212,-44.714215925744995,334.5835809177217,6.2382920151730845
10,240.2637362637363,-44.62628236443576,334.73649896047016,6.222206165467142
10,240.35164835164838,-44.450415241817296,334.90057548119887,6.313066139577152
10,240.43956043956047,-44.274548119198826,335.06495036496244,6.403574541462829
10,240.35164835164838,-44.09868099658036,335.1342886845256,6.577231771723411
10,240.1758241758242,-44.01074743527113,335.0970648183944,6.726671661680401
10,240.08791208791212,-43.9228138739619,335.1074052639442,6.834516366098536
10,240.08791208791212,-43.74694675134343,335.22398413428226,6.966935439036545
10,240.1758241758242,-43.571079628724966,335.3889153312062,7.05736459937793
10,240.2637362637363,-43.395212506106496,335.5541480101555,7.147439892357639
10,240.35164835164838,-43.21934538348803,335.7196815939686,7.237160856664379
10,240.43956043956047,-43.04347826086957,335.885515497817,7.3265270360802255
10,240.35164835164838,-42.955544699560335,335.895626374225,7.434996645595425
10,240.1758241758242,-42.779677576941864,335.9153112965768,7.6521484839268865
10,240.08791208791212,-42.691744015632636,335.92488555512364,7.760829972262281
10,240.08791208791212,-42.515876893014166,336.04195255509524,7.893037108096974
10,240.1758241758242,-42.3400097703957,336.2083809699368,7.982310762572252
10,240.2637362637363,-42.16414264777724,336.37511277809136,8.071227263772746
10,240.35164835164838,-41.98827552515877,336.542147364215,8.159786156996516
10,240.43956043956047,-41.812408402540306,336.709484105061,8.247986992849325
10,240.35164835164838,-41.72447484123107,336.718869666521,8.357281546674036
10,240.1758241758242,-41.54860771861261,336.73711419345614,8.576076465885452
10,240.08791208791212,-41.46067415730337,336.7459733624516,8.685576112611022
10,240.00000000000003,-41.2848070346849,336.8134073866083,8.861189087762714
10,239.82417582417585,-41.10893991206644,336.8301528243645,9.080639859536818
10,239.64835164835168,-41.10893991206644,336.7291070406355,9.16779805460603
10,239.5604395604396,-41.2848070346849,336.5616343135369,9.078562393678009
10,239.38461538461542,-41.37274059599414,336.4022699893083,9.098599425360764
10,239.29670329670333,-41.54860771861261,336.23539200477796,9.008538278159252
10,239.20879120879124,-41.72447484123107,336.0688275087238,8.9181176686023
10,239.03296703296706,-41.812408402540306,335.9101143880328,8.936719572005206
10,238.8571428571429,-41.636541279921836,335.9246549464515,9.155679695588628
10,238.7692307692308,-41.54860771861261,335.9316583863934,9.265257627639425
10,238.5934065934066,-41.37274059599414,335.9451319756769,9.484607450567873
10,238.5054945054945,-41.196873473375675,336.0091710888394,9.661541484967353
10,238.41758241758242,-41.10893991206644,336.0154150168278,9.77143265574479
10,238.24175824175825,-41.196873473375675,335.8551725012948,9.78938127308049
10,238.06593406593407,-41.2848070346849,335.6950147720442,9.806821501785082
10,237.97802197802199,-41.46067415730337,335.5293261838574,9.713989629293717
10,237.8021978021978,-41.54860771861261,335.3695529847868,9.730455679893359
10,237.71428571428572,-41.72447484123107,335.20449096807937,9.636799036691151
10,237.62637362637363,-41.900341963849534,335.03975832630255,9.542783706835502
10,237.53846153846155,-42.076209086468005,334.87535561031444,9.448410267771916
10,237.36263736263737,-42.16414264777724,334.7165826512112,9.462973589150376
10,237.27472527472528,-42.3400097703957,334.5528167609763,9.367778680296132
10,237.1868131868132,-42.515876893014166,334.3893834753244,9.272227202137868
10,237.01098901098902,-42.515876893014166,334.2873087364356,9.35377052761882
10,236.92307692307693,-42.42794333170494,334.2921164656699,9.462924760127365
10,236.74725274725276,-42.3400097703957,334.24536054829815,9.612834053346656
10,236.57142857142858,-42.42794333170494,334.0867883099251,9.625316913680956
10,236.4835164835165,-42.6038104543234,333.92424534273295,9.528161255908913
10,236.30769230769232,-42.691744015632636,333.7660975255758,9.539671925126711
10,236.21978021978023,-42.8676111382511,333.60421342802124,9.44169877192024
10,236.13186813186815,-43.04347826086957,333.44267141864725,9.343371530505038
10,235.95604395604397,-42.8676111382511,333.4501378045047,9.561165414792136
10,235.86813186813188,-42.779677576941864,333.4535914665203,9.670152860595286
10,235.6923076923077,-42.6038104543234,333.45993990673867,9.888306942043096
10,235.60439560439562,-42.515876893014166,333.4628347498915,9.997472853098902
10,235.42857142857144,-42.42794333170494,333.4134172313361,10.146416583771797
10,235.25274725274727,-42.25207620908647,333.41801095984096,10.365046351477766
10,235.16483516483518,-42.16414264777724,333.4200283385694,10.474447615755807
10,234.989010989011,-41.98827552515877,333.42350422119614,10.693421115341966
10,234.90109890109892,-41.900341963849534,333.42496275705724,10.80299263699337
10,234.72527472527474,-41.72447484123107,333.42732108132867,11.022303445480684
10,234.63736263736266,-41.636541279921836,333.4282208884893,11.132042023123317
10,234.46153846153848,-41.46067415730337,333.4294618230151,11.35168375770315
10,234.54945054945057,-41.2848070346849,333.5913745779192,11.452134160624174
10,234.72527472527474,-41.196873473375675,333.75305982704714,11.442165115716604
10,234.81318681318683,-41.021006350757204,333.91566526203553,11.541793066886596
10,234.989010989011,-40.933072789447976,334.0777891788902,11.530841925364069
10,235.0769230769231,-40.757205666829506,334.24108142098225,11.629645341601872
10,235.0769230769231,-40.49340498290181,334.4056470884921,11.838521048177679
10,234.989010989011,-40.40547142159257,334.406378737928,11.949007712485676
10,234.81318681318683,-40.22960429897411,334.4072941117186,12.170142667347774
10,234.989010989011,-40.141670737664874,334.57105214547937,12.157947961328563
10,234.90109890109892,-40.05373717635565,334.5714578615886,12.26864781979123
10,234.63736263736266,-40.05373717635565,334.40747891700454,12.391490841495056
10,234.54945054945057,-40.22960429897411,334.24360031936277,12.292412615057447
10,234.3736263736264,-40.317537860283345,334.07982750661296,12.303514687835152
10,234.3736263736264,-40.141670737664874,334.1885624789303,12.443689084810494
10,234.3736263736264,-39.96580361504641,334.2974148988331,12.583820014003273
10,234.19780219780222,-39.78993649242795,334.2959607396917,12.805480147370854
10,234.19780219780222,-39.70200293111871,334.35033733664864,12.87563379663734
10,234.10989010989013,-39.52613580850024,334.4036493945642,13.056787444368224
10,234.02197802197804,-39.438202247191015,334.40237167995275,13.167849251663027
10,233.75824175824178,-39.35026868588178,334.28912059292605,13.360520188662916
10,233.93406593406596,-39.262335124572544,334.45521080637786,13.349248092247201
10,234.19780219780222,-39.262335124572544,334.62268066223066,13.226232397497757
10,234.3736263736264,-39.262335124572544,334.7340282740991,13.143897955894424
10,234.54945054945057,-39.262335124572544,334.8451366599661,13.061305342589389
10,234.54945054945057,-39.08646800195408,334.9549030340554,13.200956470488833
10,234.3736263736264,-38.998534440644846,334.8982679438894,13.353738307350756
10,234.19780219780222,-38.82266731802638,334.8958081552336,13.576541841845254
10,234.10989010989013,-38.64680019540791,334.94898475800727,13.758096289122712
10,234.02197802197804,-38.558866634098685,334.9472589820556,13.869673693733867
10,234.10989010989013,-38.47093307278945,335.05843892837896,13.898215592477985
10,234.19780219780222,-38.47093307278945,335.1148903555666,13.856575283267992
10,234.3736263736264,-38.382999511480214,335.28261377619987,13.842950333370599
10,234.54945054945057,-38.29506595017099,335.4504269658972,13.828799086999984
10,234.63736263736266,-38.119198827552516,335.6173479231022,13.925966120629692
10,234.81318681318683,-38.03126526624328,335.78556535256644,13.910816246345632
10,234.72527472527474,-37.85539814362482,335.8401440130022,14.092286126648851
10,234.63736263736266,-37.76746458231558,335.8390002433823,14.204334582363515
10,234.46153846153848,-37.59159745969712,335.83618079311543,14.428579413345497
10,234.54945054945057,-37.41573033707866,336.0041563764739,14.525226836248375
10,234.72527472527474,-37.32779677576942,336.17388698057704,14.509149973891102
10,234.81318681318683,-37.15192965315095,336.34254886309446,14.604950655556562
10,234.72527472527474,-37.06399609184172,336.34122781366494,14.717405413738868
10,234.54945054945057,-36.88812896922325,336.3380596308267,14.942460624120509
10,234.3736263736264,-36.88812896922325,336.2228969998756,15.028483328396499
10,234.2857142857143,-37.06399609184172,336.0542201585052,14.931990406662328
10,234.10989010989013,-37.15192965315095,335.8836739408396,14.947514724131032
10,234.02197802197804,-37.32779677576942,335.7156929998483,14.850173572803257
10,233.84615384615387,-37.41573033707866,335.5455479755909,14.864692190425767
10,233.75824175824178,-37.59159745969712,335.37826953072886,14.766504781930411
10,233.5824175824176,-37.41573033707866,335.3725275510844,14.990902075799507
10,233.49450549450552,-37.239863214460186,335.4240835956833,15.173489063897073
10,233.40659340659343,-37.15192965315095,335.4207245189336,15.28585357040754
10,233.23076923076925,-36.97606253053249,335.41346855611073,15.510719473755431
10,233.14285714285717,-36.88812896922325,335.4095715600067,15.62322023452849
10,233.14285714285717,-36.71226184660479,335.5187614475801,15.764213690609962
10,233.31868131868134,-36.624328285295555,335.69082927510857,15.750151967806294
10,233.40659340659343,-36.44846116267709,335.8593130749823,15.848315741678913
10,233.31868131868134,-36.360527601367856,335.85546914252836,15.961120996776573
10,233.14285714285717,-36.18466047874939,335.84724812676905,16.186864806050014
10,233.05494505494508,-36.09672691744016,335.84287091855754,16.29980273583954
11,227.60439560439562,-43.74694675134343,327.85382432620196,12.297702292575472
11,227.86813186813188,-43.834880312652665,327.9732803581503,12.123499329429624
11,227.95604395604397,-43.9228138739619,327.9815216812016,12.015412246377165
11,227.86813186813188,-44.09868099658036,327.8324901714534,11.898494116254865
11,227.6923076923077,-44.09868099658036,327.722312215667,11.96424332902448
11,227.60439560439562,-44.1866145578896,327.62054615695786,11.921824322003612
11,227.34065934065936,-44.1866145578896,327.4550393195552,12.0195565929765
11,227.25274725274727,-44.01074743527113,327.4922683644957,12.202832529471058
11,227.25274725274727,-43.834880312652665,327.5848694724848,12.35363730006682
11,227.42857142857144,-43.74694675134343,327.74261643959017,12.36350309811052
11,227.60439560439562,-43.74694675134343,327.85382432620196,12.297702292575472
12,232.61538461538464,-42.25207620908647,331.82081479004347,11.527660453735274
12,232.79120879120882,-42.3400097703957,331.87654138034065,11.380476416911385
12,232.967032967033,-42.515876893014166,331.8793569321531,11.161925422883426
12,232.967032967033,-42.691744015632636,331.7746486181194,11.019198028696032
12,232.79120879120882,-42.779677576941864,331.6155251413808,11.023055565656351
12,232.52747252747255,-42.779677576941864,331.45491256697824,11.13542709090003
12,232.35164835164838,-42.8676111382511,331.2958570418784,11.138197337545117
12,232.08791208791212,-42.8676111382511,331.1346929017075,11.249416375328277
12,231.91208791208794,-42.955544699560335,330.97571382586284,11.251097620991315
12,231.73626373626377,-42.8676111382511,330.9190632078122,11.396801524348326
12,231.73626373626377,-42.691744015632636,331.0213464095166,11.54130420848808
12,231.91208791208794,-42.6038104543234,331.1809514740811,11.539609181489338
12,232.08791208791212,-42.6038104543234,331.28916130534884,11.465415624796895
12,232.1758241758242,-42.515876893014166,331.3948107581387,11.50014118896668
12,232.2637362637363,-42.3400097703957,331.5523596973958,11.60650830055238
12,232.43956043956047,-42.25207620908647,331.71258954854534,11.603129201704188
12,232.61538461538464,-42.25207620908647,331.82081479004347,11.527660453735274
13,228.74725274725276,-41.72447484123107,329.68079508988353,13.572196285531493
13,228.57142857142858,-41.812408402540306,329.5184235591883,13.568167521320442
13,228.3956043956044,-41.900341963849534,329.35622334837257,13.563615034276971
13,228.30769230769232,-42.076209086468005,329.2031787631887,13.449360819060008
13,228.21978021978023,-42.25207620908647,329.0505587104417,13.334765585547007
13,228.4835164835165,-42.3400097703957,329.17244709266873,13.156688094493653
13,228.65934065934067,-42.42794333170494,329.23708474490826,13.013039196851263
13,228.74725274725276,-42.25207620908647,329.3900377575957,13.126852907647645
13,228.83516483516485,-42.076209086468005,329.5434101680583,13.240324975930557
13,228.92307692307693,-41.900341963849534,329.6972018693439,13.35345442533088
13,228.83516483516485,-41.812408402540306,329.6890987446249,13.462805390509473
14,231.91208791208794,-40.757205666829506,332.2656476972813,13.05183192837192
14,232.1758241758242,-40.84513922813874,332.3809015593965,12.864817744692726
14,232.2637362637363,-40.933072789447976,332.3842811731707,12.754643673011836
14,232.08791208791212,-41.021006350757204,332.221105970732,12.759644976438464
14,232.2637362637363,-41.196873473375675,332.22774174361837,12.53956015558723
14,232.43956043956047,-41.2848070346849,332.28587068907916,12.391268971349636
14,232.52747252747255,-41.46067415730337,332.23626458901583,12.209796134506485
14,232.61538461538464,-41.54860771861261,332.2387241454735,12.099973055126542
14,232.52747252747255,-41.72447484123107,332.07950499624366,11.995092958241719
14,232.43956043956047,-41.900341963849534,331.9206688922312,11.889859972908962
14,232.35164835164838,-42.076209086468005,331.76221615896975,11.784274920828038
14,232.1758241758242,-41.98827552515877,331.7051204833376,11.931466965519572
14,232.00000000000003,-41.812408402540306,331.6991784956116,12.150605421489105
14,231.82417582417585,-41.72447484123107,331.6409001532609,12.297864288445405
14,231.64835164835168,-41.72447484123107,331.53069820424105,12.372899851529143
14,231.4725274725275,-41.636541279921836,331.47150894791434,12.519990893808188
14,231.20879120879124,-41.54860771861261,331.35622265917016,12.704328276119192
14,231.20879120879124,-41.2848070346849,331.5094277338575,12.921752815458357
14,231.38461538461542,-41.196873473375675,331.67231182281085,12.91909889793118
14,231.4725274725275,-41.021006350757204,331.83095166269436,13.025955705901223
14,231.4725274725275,-40.933072789447976,331.88241921435986,13.098196319679923
14,231.5604395604396,-40.757205666829506,332.04159899926697,13.204617582324094
14,231.82417582417585,-40.757205666829506,332.20972059391704,13.090128420470165
15,228.74725274725276,-41.54860771861261,329.77795504835655,13.720569631652188
15,228.74725274725276,-41.54860771861261,329.77795504835655,13.720569631652188
16,235.0769230769231,-39.96580361504641,334.7355382028518,12.255985429095347
16,235.0769230769231,-39.96580361504641,334.7355382028518,12.255985429095347
17,235.42857142857144,-39.35026868588178,335.3414982924097,12.575295302716354
17,235.25274725274727,-39.438202247191015,335.17632531468047,12.589693602440382
17,235.51648351648353,-39.52613580850024,335.28504893929966,12.395013800016324
17,235.42857142857144,-39.35026868588178,335.3414982924097,12.575295302716354
18,235.25274725274727,-38.382999511480214,335.84328439506345,13.421051208370255
18,235.0769230769231,-38.47093307278945,335.6760373723121,13.436604069471999
18,234.90109890109892,-38.558866634098685,335.50887513308703,13.45163295943364
18,234.81318681318683,-38.73473375671715,335.3423891786182,13.354600942489261
18,234.63736263736266,-38.82266731802638,335.1756320906525,13.368634360538012
18,234.63736263736266,-38.998534440644846,335.0655254274256,13.229180855038113
18,234.81318681318683,-38.91060087933561,335.23191749486944,13.215425870587612
18,234.989010989011,-38.82266731802638,335.39840048824794,13.201147387005168
18,235.0769230769231,-38.64680019540791,335.56492566621085,13.297883777816724
18,235.34065934065936,-38.64680019540791,335.73163034793225,13.171020938257037
18,235.42857142857144,-38.558866634098685,335.8429134731988,13.197716258551226
18,235.25274725274727,-38.382999511480214,335.84328439506345,13.421051208370255
19,234.10989010989013,-38.29506595017099,335.16802562402955,14.038286083201697
19,233.93406593406596,-38.29506595017099,335.0546343317009,14.121623750492148
19,234.10989010989013,-38.29506595017099,335.16802562402955,14.038286083201697
20,233.05494505494508,-37.59159745969712,334.91633686611095,15.100190062599646
20,233.23076923076925,-37.76746458231558,334.92358829202357,14.876038013103969
20,233.31868131868134,-37.85539814362482,334.926942280581,14.764030989999098
20,233.40659340659343,-37.76746458231558,335.0388898183176,14.793001274851175
20,233.6703296703297,-37.76746458231558,335.21137339504367,14.667946857733137
20,233.84615384615387,-37.76746458231558,335.3260499373496,14.584245705476205
20,233.93406593406596,-37.94333170493405,335.2736038191333,14.402122258262537
20,233.6703296703297,-37.94333170493405,335.1021392762069,14.527394108994248
20,233.5824175824176,-38.119198827552516,334.93591794824425,14.428289813693459
20,233.40659340659343,-38.119198827552516,334.8214803972175,14.511089052270568
20,233.31868131868134,-38.03126526624328,334.81839176009356,14.622948968256697
20,233.23076923076925,-38.20713238886175,334.65268468016285,14.52298744030367
20,233.05494505494508,-38.29506595017099,334.4839869075094,14.53435574111542
20,232.8791208791209,-38.119198827552516,334.47668402007025,14.757889210389278
20,232.79120879120882,-38.03126526624328,334.4727582779622,14.869724683478402
20,232.79120879120882,-37.85539814362482,334.58037778788645,15.011559616840058
20,232.8791208791209,-37.679531021006355,334.74621243989066,15.1121316310108
20,233.05494505494508,-37.59159745969712,334.91633686611095,15.100190062599646
21,241.14285714285717,-1.0112359550561791,9.782810151159078,35.73944549572267
21,240.8791208791209,-1.0112359550561791,9.595628986156132,35.95511796197655
21,240.967032967033,-1.1871030776746494,9.48087378093658,35.781892205772074
21,241.05494505494508,-1.4509037616023477,9.278406682788253,35.55770289353435
21,241.14285714285717,-1.626770884220818,9.164881448034164,35.38419758157376
21,241.23076923076925,-1.802638006839274,9.051828952904385,35.21059678455454
21,241.23076923076925,-1.9785051294577443,8.876792188579394,35.108365857102356
21,241.05494505494508,-2.0664386907669723,8.6641267014975,35.19988029248678
21,240.8791208791209,-1.9785051294577443,8.62584328134452,35.393869076938316
21,240.70329670329673,-2.0664386907669723,8.41211848587215,35.48490453626319
21,240.52747252747255,-2.1543722520762145,8.197904704042875,35.57553513772542
21,240.35164835164838,-2.2423058133854425,7.983201229754789,35.665757574732396
21,240.1758241758242,-2.3302393746946706,7.76800740078732,35.75556853560424
21,240.35164835164838,-2.506106497313141,7.721493278744787,35.509887644350904
21,240.43956043956047,-2.594040058622383,7.698321563475611,35.38704945029565
21,240.35164835164838,-2.769907181240839,7.460801231589398,35.353454706066294
21,240.1758241758242,-2.8578407425500814,7.245917075790794,35.44228041105422
21,240.00000000000003,-2.9457743038593094,7.030552476077476,35.53068690923111
21,239.73626373626377,-2.8578407425500814,6.9232957159755735,35.79434785202982
21,239.64835164835168,-2.769907181240839,6.945316189875106,35.91732625710649
21,239.4725274725275,-2.681973619931611,6.902316868264339,36.110631216622245
21,239.29670329670333,-2.594040058622383,6.859061540901281,36.3039258258722
21,239.12087912087915,-2.681973619931611,6.640794663618924,36.39153540132132
21,238.94505494505498,-2.769907181240839,6.422030326035867,36.478711614917636
21,238.6813186813187,-2.769907181240839,6.223739175924042,36.68857288325099
21,238.5934065934066,-2.9457743038593094,5.983008010161366,36.65175051675321
21,238.41758241758242,-3.0337078651685374,5.762749527997567,36.73760647658357
21,238.24175824175825,-3.1216414264777796,5.541992579207207,36.8230156182008
21,238.06593406593407,-3.2095749877870077,5.3207370410768595,36.907974569928705
21,237.8021978021978,-3.2095749877870077,5.118188453309912,37.115772386723386
21,237.71428571428572,-3.385442110405478,4.87672997147358,37.076528404457775
21,237.53846153846155,-3.473375671714706,4.653978462225982,37.16011653209514
21,237.36263736263737,-3.561309233023934,4.430728409499769,37.243240960022035
21,237.27472527472528,-3.561309233023934,4.362192261595338,37.31197711572871
21,237.0989010989011,-3.649242794333176,4.138153790453523,37.394487885055895
21,236.83516483516485,-3.649242794333176,3.930866523333642,37.59998398789411
21,236.65934065934067,-3.7371763556424042,3.705451079331925,37.681575950475754
21,236.4835164835165,-3.8251099169516323,3.4795340675491984,37.76268851624536
21,236.3956043956044,-4.0009770395701025,3.237011778266506,37.71977864877253
21,236.30769230769232,-4.176844162188573,2.9947928948901557,37.67633749455468
21,236.13186813186815,-4.264777723497801,2.768154616402614,37.755941523352675
21,236.04395604395606,-4.440644846116271,2.5261401704254145,37.711453888885444
21,236.04395604395606,-4.528578407425499,2.440628782722,37.65530612894668
21,236.13186813186815,-4.704445530043969,2.340675107357423,37.475499351867434
21,236.21978021978023,-4.88031265266244,2.2411550725427802,37.29563571785858
21,236.13186813186815,-5.056179775280896,2.001000901905956,37.250043824006035
21,236.13186813186815,-5.319980459208594,1.7475791961686138,37.08031851085856
21,235.86813186813188,-5.319980459208594,1.5348496398909806,37.280898777318114
21,235.60439560439562,-5.319980459208594,1.3208767275921445,37.48102370224507
21,235.60439560439562,-5.495847581827064,1.1524336251835352,37.36685448256385
21,235.7802197802198,-5.583781143136292,1.211251127433585,37.176676646021015
21,235.86813186813188,-5.6717147044455345,1.1985929253111005,37.05304561022101
21,235.7802197802198,-5.847581827064005,0.9599798775873465,37.00516237363407
21,235.60439560439562,-5.935515388373233,0.733561810247676,37.08039330546526
21,235.60439560439562,-6.111382510991703,0.5669006041298252,36.96539803810002
21,235.7802197802198,-6.199316072300931,0.6267124960099067,36.775657452667055
21,235.86813186813188,-6.287249633610159,0.6149855341680629,36.65204083066708
21,235.7802197802198,-6.463116756228629,0.37807138492799147,36.602921650388126
21,235.6923076923077,-6.551050317537857,0.22400934016586682,36.6110894180339
21,235.6923076923077,-6.726917440156328,0.0591056252834057,36.49541073940822
21,235.86813186813188,-6.902784562774798,0.03744625829765455,36.248218652983496
21,235.7802197802198,-6.990718124084026,359.8841185420281,36.25591302490963
21,235.60439560439562,-7.078651685393254,359.65918936465425,36.32881766532815
21,235.51648351648353,-7.254518808011724,359.42403146716185,36.27760741664866
21,235.34065934065936,-7.3424523693209665,359.19864540278274,36.34946911210023
21,235.25274725274727,-7.5183194919394225,358.9638123109452,36.29720866333572
21,235.34065934065936,-7.606253053248665,358.95476979864543,36.17362147740603
21,235.42857142857144,-7.694186614557893,358.9457099749973,36.050048391490954
21,235.51648351648353,-7.870053737176363,358.85582114590017,35.86777896233176
21,235.34065934065936,-7.957987298485591,358.631301991,35.938392994568474
21,235.16483516483518,-8.045920859794819,358.40637679100064,36.00848315902333
21,235.34065934065936,-8.22178798241329,358.38996434468976,35.76140484591305
21,235.42857142857144,-8.309721543722517,358.38172263651495,35.63788839723337
21,235.51648351648353,-8.485588666340988,358.2934765828848,35.45530254051823
21,235.34065934065936,-8.573522227650216,358.06984820918814,35.52467499815419
21,235.16483516483518,-8.661455788959458,357.8458288262435,35.59352092694106
21,235.34065934065936,-8.837322911577928,357.83100016685114,35.34657516106626
21,235.42857142857144,-8.925256472887156,357.8235409059109,35.22312656556795
21,235.51648351648353,-9.101123595505626,357.7368862850236,35.04024489777971
21,235.42857142857144,-9.189057156814854,357.5860696839162,35.04459137907409
21,235.6923076923077,-9.189057156814854,357.80097804030186,34.85287999652169
21,235.7802197802198,-9.276990718124082,357.79339391548245,34.72949812177989
21,235.60439560439562,-9.364924279433325,357.5717004275473,34.797809787695385
21,235.42857142857144,-9.452857840742553,357.3496355100738,34.86559551139449
21,235.25274725274727,-9.54079140205178,357.1272008542037,34.93285244907824
21,234.989010989011,-9.54079140205178,356.91043791714566,35.12295578301143
21,234.81318681318683,-9.628724963361023,356.68687733823043,35.18914336887517
21,234.989010989011,-9.804592085979479,356.6755404320684,34.942411414896846
21,235.16483516483518,-9.892525647288721,356.74201800016607,34.755955719353395
21,235.0769230769231,-9.98045920859795,356.5918428045447,34.75880340062912
21,234.989010989011,-10.15632633121642,356.36394969435327,34.70098622083984
21,234.81318681318683,-10.244259892525648,356.1413739298175,34.765939793779786
21,234.989010989011,-10.332193453834876,356.2088366320671,34.57997721439053
21,235.16483516483518,-10.508060576453346,356.1985294566554,34.33348205149136
21,235.0769230769231,-10.595994137762588,356.04923914821507,34.33554482024279
21,234.90109890109892,-10.683927699071816,355.82762182011874,34.39980345921846
21,234.90109890109892,-10.859794821690286,355.6738877965971,34.27808504720298
21,234.989010989011,-10.947728382999514,355.66947817537226,34.15491439259416
21,235.16483516483518,-11.123595505617985,355.66050299682627,33.90863144141933
21,235.0769230769231,-11.211529066927213,355.5120991060278,33.90991701084443
21,234.90109890109892,-11.29946262823644,355.291493488035,33.97295469322286
21,234.90109890109892,-11.475329750854911,355.139305201154,33.850572542719576
21,234.989010989011,-11.563263312164139,355.1355367599893,33.7275163463555
21,235.16483516483518,-11.73913043478261,355.127827826045,33.4814649310231
21,235.0769230769231,-11.827063996091837,354.98031144568574,33.48198092671638
21,234.90109890109892,-11.91499755740108,354.76073529887685,33.54380440295524
21,234.90109890109892,-12.09086468001955,354.61006086240474,33.42077567668503
21,235.16483516483518,-12.09086468001955,354.8258023162136,33.236353002932034
21,235.25274725274727,-12.178798241328778,354.82220409862407,33.11342922873283
21,235.42857142857144,-12.354665363947248,354.8148242267887,32.86764566189811
21,235.60439560439562,-12.442598925256476,354.88212855947245,32.683203505241096
21,235.51648351648353,-12.530532486565704,354.7361327468406,32.683468105843325
21,235.34065934065936,-12.618466047874946,354.5188726747243,32.74483767226109
21,235.16483516483518,-12.706399609184174,354.301314738958,32.80566721637506
21,234.90109890109892,-12.706399609184174,354.08604384281426,32.988753627246524
21,235.0769230769231,-12.882266731802645,354.0808108307961,32.743176801350344
21,235.0769230769231,-13.0581338544211,353.93235320953767,32.61942081634872
21,234.90109890109892,-13.146067415730343,353.7148854686571,32.678836170998586
21,234.90109890109892,-13.321934538348799,353.56714427631744,32.55456420998464
21,234.989010989011,-13.409868099658041,353.56510736020306,32.43190660850614
21,235.16483516483518,-13.585735222276497,353.5608164975885,32.18665974432056
21,235.25274725274727,-13.67366878358574,353.5585621343288,32.06407083078415
21,235.42857142857144,-13.761602344894968,353.62720731981716,31.880994139664544
21,235.51648351648353,-13.937469467513438,353.5513608138564,31.696444268059825
21,235.34065934065936,-14.025403028822666,353.3364918552688,31.7550948355562
21,235.25274725274727,-14.201270151441136,353.1195324224968,31.69074356698398
21,235.0769230769231,-14.289203712750364,352.9044947694417,31.748324816026447
21,234.90109890109892,-14.377137274059606,352.6891954170451,31.805359079617364
21,234.90109890109892,-14.553004396678062,352.5442636592246,31.679907910718427
21,234.989010989011,-14.553004396678062,352.6155771387905,31.620282151529906
21,235.16483516483518,-14.465070835368834,352.8303552142512,31.563396271106267
21,235.42857142857144,-14.465070835368834,353.0429670865828,31.383576089700572
21,235.60439560439562,-14.465070835368834,353.1841212992085,31.263386096410578
21,235.86813186813188,-14.553004396678062,353.322244149891,31.020594269768363
21,236.04395604395606,-14.640937957987305,353.38948637857504,30.837958158197154
21,236.30769230769232,-14.640937957987305,353.5984450922761,30.656679111522696
21,236.3956043956044,-14.728871519296533,353.5951610815718,30.534383614797104
21,236.57142857142858,-14.81680508060576,353.6609453390315,30.351572555133558
21,236.74725274725276,-14.81680508060576,353.79889289431867,30.230311569538586
21,236.83516483516485,-14.904738641915003,353.7950408356175,30.108076587933184
21,237.01098901098902,-15.080605764533459,353.7871138649677,29.863684817737262
21,237.01098901098902,-15.25647288715193,353.6423231673171,29.74062616242353
21,237.01098901098902,-15.520273571079628,353.42580231263855,29.555743762916126
21,236.83516483516485,-15.60820713238887,353.2170186133794,29.61452839499721
21,236.92307692307693,-15.872007816316568,353.0700856221246,29.368777247953478
21,237.01098901098902,-15.959941377625796,353.0666898678974,29.246831007264923
21,237.1868131868132,-16.135808500244266,353.0596560938977,29.003021319021002
21,237.36263736263737,-16.047874938935024,353.2668181189417,28.944492297075683
21,237.45054945054946,-15.872007816316568,353.4779659333565,29.007365861113257
21,237.62637362637363,-15.784074255007326,353.6849897693045,28.947808013498683
21,237.53846153846155,-15.696140693698098,353.6894590649076,29.06977861072671
21,237.36263736263737,-15.520273571079628,353.6981680773208,29.31380240678672
21,237.36263736263737,-15.4323400097704,353.77036225347615,29.375219174315877
21,237.45054945054946,-15.25647288715193,353.9829095586483,29.43711667779363
21,237.62637362637363,-15.168539325842701,354.19090916721,29.376417083422652
21,237.8021978021978,-15.25647288715193,354.2534057074505,29.19325971474537
21,237.8901098901099,-15.344406448461172,354.2482351210792,29.071184796926815
21,238.06593406593407,-15.520273571079628,354.23767560284506,28.82711725076469
21,238.15384615384616,-15.60820713238887,354.2322861830084,28.70512499547458
21,238.41758241758242,-15.696140693698098,354.3600960020091,28.460932771830297
21,238.5054945054945,-15.520273571079628,354.5713750370126,28.521074147751033
21,238.6813186813187,-15.4323400097704,354.7766848059481,28.45875121244327
21,238.8571428571429,-15.344406448461172,354.9817496859859,28.395920994165095
21,238.94505494505498,-15.168539325842701,355.19349706352807,28.45461668979923
21,239.12087912087915,-15.080605764533459,355.3983823788723,28.390788852474003
21,239.20879120879124,-14.904738641915003,355.61050934508904,28.448538175161445
21,239.29670329670333,-14.728871519296533,355.822946813325,28.505833575785918
21,239.20879120879124,-14.640937957987305,355.8306268621033,28.62797563818245
21,239.03296703296706,-14.465070835368834,355.8457995498264,28.87234115662459
21,239.20879120879124,-14.377137274059606,356.0514974919067,28.807056251530625
21,239.29670329670333,-14.201270151441136,356.2650593491928,28.8635115056641
21,239.4725274725275,-14.113336590131908,356.4705431305948,28.79723956072356
21,239.64835164835168,-14.025403028822666,356.6757586771988,28.73047371219445
21,239.73626373626377,-13.84953590620421,356.889716262472,28.785497936179652
21,239.64835164835168,-13.761602344894968,356.8986730008632,28.90780577525133
21,239.4725274725275,-13.67366878358574,356.841896753925,29.09339179309738
21,239.4725274725275,-13.49780166096727,356.9910352780914,29.21156572783977
21,239.64835164835168,-13.409868099658041,357.19707931246313,29.143674998142767
21,239.73626373626377,-13.234000977039571,357.4123380219365,29.197705733796266
21,239.91208791208794,-13.146067415730343,357.618132520991,29.128841399978437
21,240.00000000000003,-12.970200293111873,357.8337138342441,29.181931850310303
21,240.1758241758242,-12.882266731802645,358.03924812748755,29.112100864559217
21,240.35164835164838,-12.794333170493402,358.2444934300669,29.041789103718195
21,240.43956043956047,-12.618466047874946,358.46040352561823,29.093464269189916
21,240.2637362637363,-12.530532486565704,358.40641677423673,29.280439560078005
21,240.1758241758242,-12.442598925256476,358.4171679237789,29.402961907503762
21,240.1758241758242,-12.266731802638006,358.56894022154734,29.519007143604398
21,240.35164835164838,-12.178798241328778,358.77494574610614,29.447576022364295
21,240.43956043956047,-12.002931118710308,358.9921333019991,29.498242456578325
21,240.61538461538464,-11.91499755740108,359.1978439180966,29.425859599901965
21,240.79120879120882,-11.827063996091837,359.4032496357973,29.353005590468012
21,240.8791208791209,-11.651196873473381,359.62071701388237,29.402267874384943
21,241.05494505494508,-11.563263312164139,359.82581398952897,29.32847406132531
21,241.05494505494508,-11.387396189545683,359.97948739354234,29.442490053597403
21,240.8791208791209,-11.211529066927213,0.005053670809137014,29.687769533232014
21,240.8791208791209,-11.123595505617985,0.08218234150062381,29.74473661177106
21,240.967032967033,-10.947728382999514,0.3009977030998268,29.792668655749512
21,241.14285714285717,-10.859794821690286,0.5066729528826464,29.717453284459506
21,241.23076923076925,-10.683927699071816,0.7257333148022774,29.764462237827004
21,241.40659340659343,-10.595994137762588,0.9310665332715797,29.688321594479614
21,241.49450549450552,-10.508060576453346,1.0725058002932726,29.67820247479707
21,241.31868131868134,-10.332193453834876,1.1008380596243832,29.923615694553053
21,241.14285714285717,-10.244259892525648,1.0509713779014132,30.11281405622096
21,241.31868131868134,-10.15632633121642,1.2569779339397942,30.03603046429574
21,241.40659340659343,-9.98045920859795,1.4772614873616643,30.081539669770343
21,241.5824175824176,-9.892525647288721,1.682902113883241,30.00384012301562
21,241.6703296703297,-9.716658524670251,1.9033994348635535,30.048433689927336
21,241.75824175824178,-9.54079140205178,2.1241410108927927,30.092574360346482
21,241.6703296703297,-9.452857840742553,2.139603064041244,30.215341230533838
21,241.49450549450552,-9.276990718124082,2.170487443168734,30.46093095214692
21,241.6703296703297,-9.189057156814854,2.3766084709352033,30.381823866375214
21,241.84615384615387,-9.101123595505626,2.5823815770068865,30.302273277262465
21,241.93406593406596,-8.925256472887156,2.804128535709033,30.345059497360626
21,242.10989010989013,-8.837322911577928,3.00949995782859,30.264614036686527
21,242.10989010989013,-8.661455788959458,3.168627464299998,30.374435581758473
21,241.93406593406596,-8.485588666340988,3.2022224659486636,30.62003356925814
21,241.93406593406596,-8.39765510503176,3.2821119292752075,30.67488271761235
21,242.02197802197804,-8.22178798241329,3.5051421124703057,30.71630876389737
21,242.19780219780222,-8.133854421104061,3.7109218528386836,30.634472578901768
21,242.2857142857143,-7.957987298485591,3.934112343615716,30.674995026740856
21,242.46153846153848,-7.870053737176363,4.139458324337534,30.592281227395045
21,242.54945054945057,-7.782120175867121,4.282239610464966,30.57782414829655
21,242.3736263736264,-7.694186614557893,4.238102408259713,30.76925268384132
21,242.19780219780222,-7.5183194919394225,4.274449441835684,31.014872056023055
21,242.3736263736264,-7.4303859306301945,4.480377143026821,30.931514543674105
21,242.46153846153848,-7.254518808011724,4.70469878867034,30.9705215099033
21,242.54945054945057,-7.166585246702496,4.848043166212041,30.955346126169825
21,242.3736263736264,-7.078651685393254,4.804690629493544,31.147157898085904
21,242.19780219780222,-6.902784562774798,4.842479093335429,31.392804412522324
21,242.3736263736264,-6.814851001465556,5.048893586556609,31.308355282294606
21,242.46153846153848,-6.6389838788471,5.2744212067459415,31.34628184178618
21,242.63736263736266,-6.551050317537857,5.480357665502139,31.26097262483471
21,242.81318681318683,-6.463116756228629,5.685908106775123,31.175249631474635
21,242.90109890109892,-6.287249633610159,5.911449415843602,31.21184617601116
21,242.81318681318683,-6.199316072300931,5.9318445624511815,31.334588084553033
21,242.63736263736266,-6.111382510991703,5.8904040865009835,31.52704769039701
21,242.63736263736266,-5.935515388373233,6.055075598771733,31.63311057786618
21,242.81318681318683,-5.847581827064005,6.261056573685465,31.546306687091953
21,242.90109890109892,-5.6717147044455345,6.487781083092957,31.581813380113722
21,242.81318681318683,-5.583781143136292,6.508945330029651,31.704540235173
21,242.63736263736266,-5.495847581827064,6.468401280225972,31.89733807892902
21,242.63736263736266,-5.319980459208594,6.634394660723116,32.00265360178891
21,242.81318681318683,-5.232046897899366,6.840780518787798,31.91476903289812
21,242.90109890109892,-5.056179775280896,7.068690377856037,31.949173583395293
21,243.0769230769231,-4.968246213971668,7.274546526917119,31.860457625923317
21,243.25274725274727,-4.88031265266244,7.479994486355232,31.771345500578878
21,243.16483516483518,-4.704445530043969,7.586106356104209,31.94593379151109
21,243.0769230769231,-4.792379091353197,7.441475945649606,31.96462404583031
21,242.90109890109892,-4.88031265266244,7.235515003511877,32.05364661432774
21,242.63736263736266,-4.88031265266244,7.051050319962874,32.26499164856017
21,242.46153846153848,-4.968246213971668,6.8439770169985525,32.35324662403971
21,242.2857142857143,-5.056179775280896,6.636488936683171,32.44109731637364
21,242.10989010989013,-4.968246213971668,6.595586998134045,32.63402598550053
21,241.93406593406596,-4.792379091353197,6.638219546658761,32.87965617371218
21,242.02197802197804,-4.616511968734741,6.86848930374574,32.91463333012469
21,241.93406593406596,-4.440644846116271,6.974373966573492,33.08991640753253
21,241.84615384615387,-4.264777723497801,7.080641765076913,33.26513698291188
21,241.75824175824178,-4.088910600879345,7.187298446361146,33.4402931057807
21,241.93406593406596,-4.0009770395701025,7.39682996577236,33.35146567466464
21,241.75824175824178,-4.0009770395701025,7.272040870849058,33.492588685338326
21,241.5824175824176,-3.9130434782608745,7.231702632788017,33.685902125755426
21,241.40659340659343,-4.0009770395701025,7.021128990389337,33.77438997275335
21,241.31868131868134,-4.088910600879345,6.873256896895491,33.792198639676684
21,241.23076923076925,-4.176844162188573,6.725328204217218,33.8098096796372
21,241.14285714285717,-4.176844162188573,6.662046058965849,33.87998874357453
21,240.967032967033,-4.0009770395701025,6.704955008832542,34.12579522598146
21,240.8791208791209,-3.8251099169516323,6.811665878039027,34.3013934860337
21,240.967032967033,-3.649242794333176,7.0458580970370885,34.336217454625896
21,240.8791208791209,-3.561309233023934,7.0678996294645,34.45909751011966
21,240.70329670329673,-3.385442110405478,7.112117625804308,34.704870875380045
21,240.8791208791209,-3.2975085490962357,7.325101516537722,34.61626490817778
21,240.967032967033,-3.473375671714706,7.216950312693193,34.44107328768004
21,241.14285714285717,-3.473375671714706,7.343455295222219,34.300014332089596
21,241.31868131868134,-3.473375671714706,7.469504145446583,34.158806422466704
21,241.31868131868134,-3.2095749877870077,7.726619835373443,34.315037646356686
21,241.14285714285717,-3.1216414264777796,7.686709676282299,34.50860435430686
21,241.31868131868134,-3.0337078651685374,7.898561694710278,34.418892535230086
21,241.49450549450552,-2.9457743038593094,8.109951120947342,34.328776379407905
21,241.6703296703297,-2.8578407425500814,8.320878569500172,34.23825908833321
21,241.93406593406596,-2.8578407425500814,8.507164116373742,34.0247014215721
21,242.10989010989013,-2.769907181240839,8.716875042988985,33.933430473930215
21,242.19780219780222,-2.8578407425500814,8.692454749079742,33.81082903489823
21,242.3736263736264,-2.8578407425500814,8.815434626238181,33.66807453073429
21,242.63736263736266,-2.8578407425500814,8.999091829255887,33.453686267228285
21,242.90109890109892,-2.8578407425500814,9.181783654076591,33.23899358872431
21,243.0769230769231,-2.9457743038593094,9.217406450766296,33.04488657669062
21,243.25274725274727,-2.8578407425500814,9.423889841323275,32.95226966272753
21,243.42857142857144,-2.769907181240839,9.629932416095684,32.85927635388018
21,243.42857142857144,-2.594040058622383,9.801461122496818,32.96023369505666
21,243.42857142857144,-2.418172936003913,9.97338177775484,33.06095608715211
21,243.34065934065936,-2.2423058133854425,10.085757398190161,33.23356073836885
21,243.25274725274727,-2.0664386907669723,10.198557778187972,33.406078289853724
21,243.0769230769231,-1.9785051294577443,10.164932064008926,33.600556470597056
21,242.90109890109892,-1.8905715681485162,10.131123151174487,33.795030180088
21,242.90109890109892,-1.714704445530046,10.305047730404949,33.89534370349849
21,242.72527472527474,-1.626770884220818,10.271401496601207,34.08987380067644
21,242.54945054945057,-1.4509037616023477,10.325041562769696,34.334523389015615
21,242.3736263736264,-1.3629702002931197,10.291211685539693,34.529072201086464
21,242.2857142857143,-1.2750366389838774,10.31813680645363,34.65140549233772
21,242.10989010989013,-1.1871030776746494,10.284127540810488,34.845959618520666
21,242.02197802197804,-1.3629702002931197,10.047101371570065,34.817659945370856
21,241.84615384615387,-1.2750366389838774,10.01236149134705,35.01212991482123
21,241.5824175824176,-1.2750366389838774,9.827564700296707,35.22817366102677
21,241.40659340659343,-1.3629702002931197,9.615641734841995,35.32143079695737
21,241.31868131868134,-1.2750366389838774,9.641754702262324,35.44391951893505
21,241.23076923076925,-1.0991695163654214,9.756400856178086,35.6169790990903
21,241.14285714285717,-1.0112359550561791,9.782810151159078,35.73944549572267
22,238.5934065934066,-14.728871519296533,355.2937668819196,29.0032554070515
22,238.5054945054945,-14.904738641915003,355.0808202137852,28.94454618388662
22,238.5054945054945,-14.728871519296533,355.2271384838454,29.065185116361864
23,237.8901098901099,-6.111382510991703,2.383394186183975,35.23004095812636
23,238.06593406593407,-6.199316072300931,2.4365794975133475,35.03925519449532
23,238.06593406593407,-6.463116756228629,2.1885511473031367,34.87112887323936
23,238.32967032967034,-6.551050317537857,2.3094411542716946,34.613199139992645
23,238.5054945054945,-6.463116756228629,2.526784329605712,34.5343136920267
23,238.41758241758242,-6.287249633610159,2.6245453249369137,34.713452465423366
23,238.5934065934066,-6.287249633610159,2.759177406275358,34.578264565869304
23,238.6813186813187,-6.463116756228629,2.661211692416488,34.3992605963586
23,238.94505494505498,-6.551050317537857,2.7795820833155083,34.14075140616457
23,239.12087912087915,-6.551050317537857,2.912811517864666,34.00535171665001
23,239.20879120879124,-6.726917440156328,2.8149243529095136,33.8265898825947
23,239.38461538461542,-6.902784562774798,2.783617355269715,33.58015584336097
23,239.4725274725275,-6.990718124084026,2.7679718604678873,33.45695823289318
23,239.5604395604396,-7.166585246702496,2.6707873947177263,33.27820492684652
23,239.73626373626377,-7.3424523693209665,2.6397391106576307,33.03188247662588
23,239.91208791208794,-7.3424523693209665,2.7710000712080216,32.896676002705156
23,240.00000000000003,-7.5183194919394225,2.674169137082738,32.71805675465629
23,240.08791208791212,-7.782120175867121,2.4968717747659395,32.48380664745078
23,240.2637362637363,-7.782120175867121,2.6272835840459945,32.34879760845248
23,240.1758241758242,-7.957987298485591,2.4008770950344482,32.305081124282225
23,240.08791208791212,-8.133854421104061,2.174729149046061,32.26089143597269
23,240.08791208791212,-8.133854421104061,2.174729149046061,32.26089143597269
23,240.00000000000003,-8.045920859794819,2.189720909150808,32.383965764280724
23,239.91208791208794,-7.782120175867121,2.3660017858479954,32.61863494746189
23,239.82417582417585,-7.694186614557893,2.381197973543942,32.74174924692555
23,239.5604395604396,-7.694186614557893,2.1836977909964093,32.943681274993544
23,239.29670329670333,-7.606253053248665,2.0660885187850337,33.201253565684446
23,239.12087912087915,-7.606253053248665,1.9331428475212937,33.33547946787064
23,238.94505494505498,-7.694186614557893,1.7187567111633792,33.41323500469189
23,238.8571428571429,-7.870053737176363,1.4902366346310127,33.36728811535981
23,238.6813186813187,-7.782120175867121,1.4368374263726698,33.55725841240463
23,238.5054945054945,-7.694186614557893,1.3830796420920242,33.747215063836194
23,238.32967032967034,-7.694186614557893,1.2479620951738273,33.88047104872977
23,238.24175824175825,-7.606253053248665,1.2612236295972503,34.003770837701644
23,237.97802197802199,-7.5183194919394225,1.1383985142463076,34.260184651946936
23,237.8901098901099,-7.4303859306301945,1.1514109863231061,34.38353202220248
23,237.71428571428572,-7.5183194919394225,0.933346501794725,34.459465733471404
23,237.71428571428572,-7.606253053248665,0.8522103021030055,34.4024237827551
23,237.71428571428572,-7.782120175867121,0.6902694326046579,34.288179600977124
23,237.97802197802199,-7.782120175867121,0.8953528449208696,34.08942644082814
23,238.06593406593407,-7.870053737176363,0.8826724677595197,33.96610934225927
23,237.97802197802199,-8.045920859794819,0.6532870149617891,33.918191600719645
23,237.97802197802199,-8.133854421104061,0.5728148463070295,33.86100826309401
23,237.8021978021978,-8.22178798241329,0.3558320688460332,33.93573639715166
23,237.71428571428572,-8.39765510503176,0.12692769669584553,33.886661539288674
23,237.53846153846155,-8.485588666340988,359.90952488926536,33.96039823292966
23,237.36263736263737,-8.39765510503176,359.8517095618349,34.1493051094692
23,237.27472527472528,-8.573522227650216,359.6226239501919,34.099053367794916
23,237.27472527472528,-8.661455788959458,359.5428033332261,34.04108351832369
23,237.27472527472528,-8.925256472887156,359.3039948533429,33.8668656332158
23,237.01098901098902,-8.837322911577928,359.1754195565449,34.12037558314795
23,236.92307692307693,-8.661455788959458,359.26510455600203,34.301974681434594
23,237.01098901098902,-8.573522227650216,359.4145319832197,34.294980634086784
23,236.83516483516485,-8.485588666340988,359.3550946665747,34.48355579916442
23,236.65934065934067,-8.485588666340988,359.2152245311543,34.61382180447455
23,236.4835164835165,-8.485588666340988,359.07484335722444,34.743875378129054
23,236.3956043956044,-8.309721543722517,359.1646133213935,34.92570965082785
23,236.4835164835165,-8.22178798241329,359.3152514869455,34.918945409420225
23,236.65934065934067,-8.133854421104061,359.5360122051148,34.84665794775856
23,236.92307692307693,-8.133854421104061,359.7456447783185,34.65045533655698
23,237.0989010989011,-8.045920859794819,359.96524417493146,34.577169269107785
23,237.1868131868132,-7.870053737176363,0.19591075532808438,34.626775049274585
23,237.36263736263737,-7.782120175867121,0.41507856978135715,34.5524838093195
23,237.27472527472528,-7.694186614557893,0.4268939451140664,34.675878192075054
23,237.01098901098902,-7.694186614557893,0.21880212382153982,34.873600476008775
23,236.83516483516485,-7.606253053248665,0.16048522977499713,35.06284845444175
23,236.57142857142858,-7.606253053248665,359.9504732097034,35.25997831701589
23,236.30769230769232,-7.5183194919394225,359.82046362876787,35.51463563582575
23,236.13186813186815,-7.4303859306301945,359.7603134098723,35.70366440522027
23,236.04395604395606,-7.254518808011724,359.85233748759975,35.885213397959916
23,236.13186813186815,-7.078651685393254,0.08666932818553903,35.93537116799504
23,236.30769230769232,-6.990718124084026,0.30997404184386024,35.86146786629617
23,236.21978021978023,-6.902784562774798,0.3213358794627456,35.985011927274805
23,236.04395604395606,-6.902784562774798,0.1796590055106768,36.11672015587439
23,236.13186813186815,-6.726917440156328,0.4149404150549523,36.16618942650133
23,236.30769230769232,-6.814851001465556,0.4740942536022077,35.976635621360984
23,236.57142857142858,-6.814851001465556,0.6852018998960041,35.77834838074433
23,236.74725274725276,-6.726917440156328,0.9074958887545475,35.703101331953334
23,237.01098901098902,-6.726917440156328,1.1166177073689922,35.50387181368696
23,237.0989010989011,-6.551050317537857,1.3507968302268765,35.55112003258901
23,237.27472527472528,-6.463116756228629,1.5718019531170777,35.47439199358552
23,237.45054945054946,-6.375183194919401,1.7923757161470417,35.397176507924996
23,237.53846153846155,-6.199316072300931,2.0267298935176066,35.442907505356764
23,237.71428571428572,-6.111382510991703,2.246799346531638,35.364707716970834
23,237.8901098901099,-6.111382510991703,2.383394186183975,35.23004095812636
24,240.61538461538464,-8.39765510503176,2.324265151069197,31.689947496219347
24,240.52747252747255,-8.573522227650216,2.099679215006384,31.64575965890648
24,240.52747252747255,-8.39765510503176,2.2595287723844026,31.757264724713238
25,238.24175824175825,-7.870053737176363,1.0185375347048475,33.83337851754338
25,238.24175824175825,-7.870053737176363,1.0185375347048475,33.83337851754338
26,240.70329670329673,-5.495847581827064,5.082743229648217,33.428909169423285
26,240.967032967033,-5.583781143136292,5.1916767534458526,33.16746905570339
26,241.14285714285717,-5.583781143136292,5.319227479242734,33.02889152945544
26,241.14285714285717,-5.847581827064005,5.070360179028475,32.8677183706077
26,241.14285714285717,-6.023448949682461,4.904951466578543,32.759996552694915
26,241.14285714285717,-6.199316072300931,4.739942890128383,32.65205796215649
26,240.967032967033,-6.287249633610159,4.529790073077402,32.73573664732976
26,240.79120879120882,-6.375183194919401,4.3192315823123,32.81898129125226
26,240.70329670329673,-6.551050317537857,4.090579966491898,32.77874116981684
26,240.52747252747255,-6.6389838788471,3.8795274075817057,32.86108620957706
26,240.52747252747255,-6.814851001465556,3.7157396137915373,32.75164355778247
26,240.52747252747255,-6.990718124084026,3.5523542136119852,32.64198839732603
26,240.52747252747255,-7.078651685393254,3.470811817120318,32.58708156791257
26,240.35164835164838,-7.166585246702496,3.25975402837111,32.66817202783618
26,240.2637362637363,-6.902784562774798,3.439492593676054,32.90134537805135
26,240.1758241758242,-6.814851001465556,3.4562141695453144,33.0244460943112
26,240.00000000000003,-6.726917440156328,3.4076697272848793,33.21566251049329
26,239.82417582417585,-6.551050317537857,3.44094502728933,33.46194963735793
26,239.82417582417585,-6.287249633610159,3.6879875745917867,33.626862550014614
26,240.00000000000003,-6.199316072300931,3.9012996681416308,33.54498975168627
26,240.1758241758242,-6.111382510991703,4.114195981564688,33.46267024174833
26,240.1758241758242,-5.935515388373233,4.279727127698015,33.57168133306034
26,240.1758241758242,-5.7596482657547625,4.445676420298554,33.680471528044734
26,240.35164835164838,-5.6717147044455345,4.658455032444605,33.597054576194836
26,240.52747252747255,-5.583781143136292,4.870810653688367,33.51319943567909
26,240.70329670329673,-5.495847581827064,5.082743229648217,33.428909169423285
27,236.4835164835165,-6.902784562774798,0.5328537119455348,35.787059819313434
27,236.4835164835165,-6.902784562774798,0.5328537119455348,35.787059819313434
28,238.8571428571429,-5.935515388373233,3.291626726527572,34.59669829600851
28,238.7692307692308,-6.023448949682461,3.141755073783994,34.609315939680386
28,238.8571428571429,-5.935515388373233,3.291626726527572,34.59669829600851
29,242.10989010989013,-4.264777723497801,7.267547164213372,33.053737061868745
29,242.02197802197804,-4.352711284807043,7.120988323037586,33.07192374824775
29,242.10989010989013,-4.352711284807043,7.183203854543387,33.001470183198684
30,238.7692307692308,-3.473375671714706,5.595756444250299,36.19122817692599
30,238.7692307692308,-3.7371763556424042,5.337388369836495,36.029913590939756
30,238.5934065934066,-3.8251099169516323,5.118309381259924,36.11450706653792
30,238.5054945054945,-4.0009770395701025,4.879966128828309,36.07538690189432
30,238.32967032967034,-4.088910600879345,4.6602808857513764,36.15904684399905
30,238.15384615384616,-4.176844162188573,4.4401197078326495,36.242250678127746
30,237.97802197802199,-4.264777723497801,4.219482729247977,36.32499511789823
30,237.71428571428572,-4.264777723497801,4.015731782958174,36.53065550592806
30,237.53846153846155,-4.176844162188573,3.964835282287999,36.722516261400216
30,237.27472527472528,-4.088910600879345,3.8449507625370893,36.98275739662348
30,237.36263736263737,-3.9130434782608745,4.085487957722936,37.02423707538768
30,237.53846153846155,-3.8251099169516323,4.308417407286009,36.94181409027271
30,237.71428571428572,-3.7371763556424042,4.530856562565403,36.8589248420723
30,237.8901098901099,-3.649242794333176,4.752805248508295,36.77557267961355
30,238.15384615384616,-3.649242794333176,4.955328043350396,36.56847519686687
30,238.24175824175825,-3.7371763556424042,4.936431547711302,36.4451947021059
30,238.5054945054945,-3.8251099169516323,5.0515242098339215,36.183687350337955
30,238.5934065934066,-3.649242794333176,5.290295325938598,36.22245265313854
30,238.6813186813187,-3.473375671714706,5.529319397495907,36.260710713072775
31,242.19780219780222,-4.0009770395701025,7.583189080451112,33.13950655282573
31,242.19780219780222,-4.176844162188573,7.41404977225621,33.03535697503884
31,242.19780219780222,-4.0009770395701025,7.583189080451112,33.13950655282573
32,242.02197802197804,-1.0991695163654214,10.31112692304407,34.96830141722324
32,242.02197802197804,-1.0991695163654214,10.31112692304407,34.96830141722324
33,290.3736263736264,27.215437225207623,60.4877177417365,6.029381835931203
33,290.1978021978022,27.12750366389838,60.336750660414786,6.127689004466428
33,290.10989010989016,26.951636541279925,60.14347522400522,6.11628712224413
33,289.934065934066,27.039570102589153,60.14965148766612,6.295839414828584
33,289.7582417582418,27.12750366389838,60.156140667967755,6.475273846919988
33,289.5824175824176,27.215437225207623,60.162943824616555,6.6545895422262555
33,289.4945054945055,27.039570102589153,59.96944716743573,6.644007968822118
33,289.31868131868134,26.951636541279925,59.81878048635173,6.743429831859066
33,289.14285714285717,27.12750366389838,59.904924968199005,6.962836378083831
33,288.967032967033,27.215437225207623,59.91252740255851,7.1421207076188304
33,288.8791208791209,27.12750366389838,59.79784042208064,7.1721249388490005
33,288.7032967032967,27.039570102589153,59.64751443896597,7.272112733068885
33,288.61538461538464,26.863702979970682,59.45364765337828,7.262771926256376
33,288.43956043956047,26.775769418661454,59.30325852313613,7.3632850379907016
33,288.35164835164835,26.599902296042984,59.109257061008115,7.354359641850797
33,288.1758241758242,26.511968734733756,58.95880376618626,7.455391054543685
33,288.0,26.424035173424514,58.80836620541762,7.556683635871444
33,287.91208791208794,26.248168050806058,58.614149879830656,7.548416898771972
33,288.0879120879121,26.072300928187587,58.5269351592711,7.328518258753896
33,288.1758241758242,25.98436736687836,58.48351280565859,7.2184393477214455
33,288.0879120879121,25.80850024425989,58.28932823398911,7.210037545505721
33,288.0,25.63263312164142,58.09509198466411,7.201787433327329
33,287.8241758241758,25.54469956033219,57.94414464060741,7.304050182494974
33,287.73626373626377,25.36883243771372,57.74977869044859,7.296192870582681
33,287.5604395604396,25.280898876404493,57.59876750046582,7.398948278950866
33,287.73626373626377,25.105031753786022,57.512076818691696,7.17793334514764
33,287.8241758241758,25.017098192476794,57.46891097302054,7.067300974166058
33,287.73626373626377,24.841231069858324,57.27449855421012,7.059551628699657
33,287.64835164835165,24.665363947239854,57.080036314971395,7.051947479194266
33,287.64835164835165,24.489496824621398,56.921703110329986,6.972994956066659
33,287.73626373626377,24.401563263312156,56.87880403461803,6.861982929527489
33,287.8241758241758,24.2256961406937,56.75696885987862,6.71128090894727
33,287.73626373626377,24.04982901807523,56.562485404014275,6.703694302297896
33,287.5604395604396,23.961895456766,56.410638994304435,6.8075767379232595
33,287.73626373626377,23.78602833414753,56.32538154681045,6.5848447805567325
33,287.8241758241758,23.698094772838303,56.282922948250736,6.473361132831003
33,287.73626373626377,23.522227650219833,56.088391264874666,6.4658835370163255
33,287.64835164835165,23.346360527601362,55.89381181855669,6.458546512352592
33,287.64835164835165,23.170493404982892,55.73586445081552,6.3792137878265125
33,287.8241758241758,23.082559843673664,55.73043308167407,6.195234453355745
33,287.91208791208794,22.994626282364436,55.68839838175062,6.0832948772334
33,288.0879120879121,22.818759159745966,55.60465532967182,5.859190379165928
33,288.1758241758242,22.730825598436738,55.56294571734938,5.747026278369547
33,288.0879120879121,22.554958475818268,55.36844091879938,5.7393435878181895
33,288.0,22.379091353199797,55.1738895341229,5.731801288454999
33,288.0,22.20322423058134,55.0164507812164,5.651888210023579
33,288.1758241758242,22.1152906692721,55.01222514949386,5.4668727880382555
33,288.2637362637363,22.02735710796287,54.9709118723361,5.3542761845163795
33,288.1758241758242,21.8514899853444,54.77636142715293,5.346651936998373
33,288.0,21.763556424035173,54.62304274331583,5.451921416815444
33,288.0,21.587689301416702,54.46575346849812,5.371862674163145
33,288.0879120879121,21.499755740107474,54.42455612447259,5.2590085979908165
33,288.1758241758242,21.323888617489004,54.304909869032365,5.105942169273834
33,288.0879120879121,21.148021494870534,54.11025831815991,5.09857549928615
33,287.91208791208794,21.060087933561306,53.9565856761739,5.204470203292032
33,288.0879120879121,20.884220810942836,53.874638313677224,4.978150305228947
33,288.1758241758242,20.796287249633608,53.83381237968566,4.864888784741206
33,288.35164835164835,20.620420127015137,53.75245282204647,4.638164566165069
33,288.43956043956047,20.53248656570591,53.71191792632896,4.5247026504941745
33,288.61538461538464,20.35661944308744,53.63113472485231,4.297581153259034
33,288.7912087912088,20.26868588177821,53.62896830681673,4.110721929308403
33,288.8791208791209,20.180752320468983,53.58887130918076,3.9969789347397113
33,289.05494505494505,20.004885197850513,53.50895571077832,3.7693001526336927
33,289.14285714285717,19.91695163654127,53.46913584668808,3.655365129611793
33,289.31868131868134,19.741084513922814,53.389768833996854,3.4273057221874055
33,289.4065934065934,19.653150952613572,53.35022042490598,3.3131820953484734
33,289.5824175824176,19.565217391304344,53.34934108449181,3.1256618566453276
33,289.7582417582418,19.389350268685874,53.27080213314622,2.897068205147018
33,289.84615384615387,19.301416707376646,53.231663697851495,2.782679824671766
33,290.02197802197804,19.125549584758176,53.15364577283605,2.55372181465577
33,290.10989010989016,19.037616023448948,53.11476503028313,2.439152925984186
33,290.28571428571433,18.861748900830477,53.03725685601821,2.209837225366348
33,290.4615384615385,18.77381533952125,53.03774892894398,2.0216093032451736
33,290.54945054945057,18.68588177821202,52.999258604545915,1.9067868477786956
33,290.72527472527474,18.51001465559355,52.92252322630886,1.6769686172769216
33,290.9010989010989,18.59794821690278,53.07874298752752,1.5714632305099694
33,290.98901098901104,18.77381533952125,53.2731655066104,1.5811057857101305
33,291.1648351648352,18.861748900830477,53.429393166187964,1.476033024073542
33,291.25274725274727,19.037616023448948,53.62373231606726,1.4860474116938405
33,291.42857142857144,19.125549584758176,53.779968994887305,1.3814149674885823
33,291.6043956043956,19.213483146067418,53.936255088660815,1.2770071452824006
33,291.69230769230774,19.389350268685874,54.13047033934323,1.287623958093223
33,291.7802197802198,19.477283829995116,54.247287527741854,1.2565466414325634
33,291.6043956043956,19.565217391304344,54.24583004477806,1.4441430954199235
33,291.42857142857144,19.741084513922814,54.32205870434185,1.673359167405255
33,291.51648351648356,19.91695163654127,54.51619265201991,1.683981310660133
33,291.69230769230774,20.004885197850513,54.67213265658708,1.580317590678769
33,291.8681318681319,20.09281875915974,54.82812195098122,1.4768870512366266
33,291.95604395604397,20.26868588177821,55.022123713882664,1.4881335105325741
33,292.13186813186815,20.35661944308744,55.17812103404336,1.385171492224865
33,292.21978021978026,20.53248656570591,55.37203142348619,1.396821576067383
33,292.39560439560444,20.620420127015137,55.528037574012124,1.2943356044221546
33,292.39560439560444,20.796287249633608,55.68247836158464,1.3785393273565314
33,292.21978021978026,20.972154372252078,55.75838625012778,1.606917829526628
33,292.21978021978026,21.060087933561306,55.83566642092195,1.6489286212081908
33,292.3076923076923,21.235955056179776,56.02941452716522,1.660961811814432
33,292.39560439560444,21.411822178798232,56.22311151831354,1.6731694856445043
33,292.3076923076923,21.499755740107474,56.261218964357155,1.7870814413305391
33,292.13186813186815,21.67562286272593,56.337711805414926,2.0147079728656037
33,292.3076923076923,21.763556424035173,56.49305524010584,1.9131718347139999
33,292.39560439560444,21.939423546653643,56.686639539791045,1.9255920818347443
33,292.5714285714286,22.02735710796287,56.84198371335175,1.8245549081968981
33,292.65934065934067,22.20322423058134,57.03546638953725,1.8374029380316401
33,292.7472527472528,22.379091353199797,57.22889542552518,1.850431622358194
33,292.65934065934067,22.46702491450904,57.26707489259491,1.963923025720008
33,292.4835164835165,22.642892037127496,57.3437239053908,2.1906998939743354
33,292.39560439560444,22.730825598436738,57.38219462658864,2.3039846046078916
33,292.21978021978026,22.906692721055194,57.45943143989437,2.5303446842623893
33,292.21978021978026,22.994626282364436,57.536802551666135,2.5722718157483646
33,292.3076923076923,23.170493404982892,57.73014572254444,2.585074728661911
33,292.39560439560444,23.346360527601362,57.92343431432742,2.5980581501556497
33,292.3076923076923,23.434294088910605,57.96223572882244,2.710931888252602
33,292.13186813186815,23.61016121152906,58.040144548746966,2.9364627205602836
33,292.21978021978026,23.78602833414753,58.23338140068025,2.949395976485578
33,292.39560439560444,23.87396189545676,58.387553587040905,2.849937833162859
33,292.4835164835165,23.961895456766,58.50332859077389,2.821311874992976
33,292.3076923076923,24.137762579384457,58.581384501432225,3.046328155443575
33,292.21978021978026,24.2256961406937,58.6205698892382,3.158724824964398
33,292.21978021978026,24.401563263312156,58.77548841713699,3.242416579111914
33,292.39560439560444,24.489496824621398,58.92928403877787,3.1435602329137233
33,292.39560439560444,24.665363947239854,59.084118924067404,3.2274019604521644
33,292.21978021978026,24.841231069858324,59.16289834496286,3.451541114293805
33,292.13186813186815,24.929164631167552,59.2024507150869,3.5634955174107334
33,291.95604395604397,25.105031753786022,59.28188367143745,3.78717198878151
33,291.8681318681319,25.192965315095265,59.321765417495705,3.8988932581597306
33,291.69230769230774,25.36883243771372,59.401862347809804,4.122099857095109
33,291.6043956043956,25.456765999022963,59.44207869418614,4.2335843797332515
33,291.42857142857144,25.63263312164142,59.52285005756562,4.4563138438780285
33,291.6043956043956,25.72056668295066,59.67543823319479,4.357840906338499
33,291.69230769230774,25.896433805569117,59.86841142670841,4.370874833170801
33,291.6043956043956,26.072300928187587,59.98670463254388,4.523403860122639
33,291.51648351648356,26.160234489496816,60.02732558422564,4.634416174726655
33,291.3406593406594,26.336101612115286,60.10891645775598,4.856193600808152
33,291.25274725274727,26.424035173424514,60.14988753809484,4.9669578839659225
33,291.0769230769231,26.599902296042984,60.232183884986746,5.188235509117606
33,290.98901098901104,26.687835857352226,60.27351031230226,5.298748014284064
33,290.81318681318686,26.863702979970682,60.3565225794135,5.519518306975934
33,290.72527472527474,26.951636541279925,60.39820958223723,5.6297752490419555
33,290.54945054945057,27.12750366389838,60.48194823680921,5.850030600056466
33,290.3736263736264,27.215437225207623,60.4877177417365,6.029381835931203
