blob_id,ra,dec,l,b
0,222.32967032967034,-72.85295554469957,311.458330817501,-11.962733971951447
0,222.06593406593407,-72.85295554469957,311.3871849812922,-11.928076931809535
0,221.8021978021978,-72.85295554469957,311.31590211508967,-11.893708463072233
0,221.62637362637363,-72.9408891060088,311.2289667495637,-11.950018481682543
0,221.45054945054946,-73.02882266731802,311.1424016193476,-12.006663814031068
0,221.27472527472528,-73.11675622862725,311.05620807088127,-12.063643013911605
0,221.1868131868132,-73.2046897899365,310.99382848823035,-12.131911488917654
0,221.36263736263737,-73.29262335124572,311.0015768351473,-12.233119035581538
0,221.53846153846155,-73.38055691255497,311.0087884892084,-12.334235548794718
0,221.71428571428572,-73.4684904738642,311.0154632355422,-12.435258785248203
0,221.8901098901099,-73.4684904738642,311.0614441198872,-12.457324874387258
0,222.06593406593407,-73.4684904738642,311.107366177596,-12.479515201249717
0,222.32967032967034,-73.4684904738642,311.17613823931686,-12.513033256963581
0,222.5054945054945,-73.38055691255497,311.2625236241181,-12.457046417807172
0,222.6813186813187,-73.29262335124572,311.3492762049855,-12.401397166523836
0,222.85714285714286,-73.2046897899365,311.4363946193938,-12.346086925819337
0,222.94505494505495,-73.11675622862725,311.50063849112325,-12.279443914582
0,222.76923076923077,-73.02882266731802,311.4949666682691,-12.177845568632655
0,222.5054945054945,-72.9408891060088,311.4652176931168,-12.064521393084679
0,222.32967032967034,-72.85295554469957,311.458330817501,-11.962733971951447
1,125.1868131868132,-18.246213971665853,239.7008481205049,10.272811279570982
1,125.01098901098902,-18.33414753297508,239.68279822309472,10.084965297617254
1,124.83516483516485,-18.422081094284323,239.66500051719225,9.897172380260006
1,124.74725274725276,-18.597948216902793,239.76835193733442,9.731318005305505
1,124.57142857142858,-18.68588177821202,239.75094517527455,9.543719492991032
1,124.4835164835165,-18.86174890083049,239.85446495143717,9.378097975730366
1,124.30769230769232,-18.77381533952125,239.68791966722432,9.286326345048925
1,124.13186813186815,-18.597948216902793,239.44665746999883,9.241926792505732
1,123.95604395604397,-18.51001465559355,239.28032471771505,9.149426178087591
1,123.86813186813188,-18.422081094284323,239.15973842774085,9.126816963027714
1,123.69230769230771,-18.33414753297508,238.9935775879204,9.033802735741267
1,123.51648351648353,-18.422081094284323,238.97759008739624,8.845855999507487
1,123.34065934065936,-18.51001465559355,238.9618496621719,8.657965263427704
1,123.51648351648353,-18.68588177821202,239.2025098140234,8.703802308070244
1,123.60439560439562,-18.77381533952125,239.32284362576567,8.726522047228086
1,123.69230769230771,-18.94968246213972,239.51804587101708,8.701607582097953
1,123.51648351648353,-19.037616023448948,239.5021376510953,8.514192489470254
1,123.42857142857144,-19.213483146067418,239.60657237014573,8.349401611057182
1,123.60439560439562,-19.389350268685888,239.84675518655953,8.39413316749684
1,123.69230769230771,-19.477283829995116,239.96684778164305,8.416297365997865
1,123.60439560439562,-19.653150952613586,240.07101198938918,8.251467674857818
1,123.42857142857144,-19.741084513922814,240.05534248359166,8.06466840534036
1,123.51648351648353,-19.916951636541285,240.24992280023653,8.039176999929662
1,123.69230769230771,-20.092818759159755,240.4896156237154,8.082794355293577
1,123.60439560439562,-20.180752320468983,240.51904250744903,7.965765228424881
1,123.51648351648353,-20.356619443087453,240.6231519916506,7.801158403128574
1,123.34065934065936,-20.44455300439668,240.60775223530376,7.614993947070488
1,123.51648351648353,-20.53248656570591,240.77232396915397,7.705858936302476
1,123.69230769230771,-20.70835368832438,241.0115190545461,7.748628464011494
1,123.60439560439562,-20.796287249633608,241.04095602271494,7.631840121402042
1,123.51648351648353,-20.972154372252078,241.1449619668716,7.467386057101302
1,123.34065934065936,-21.060087933561306,241.1297149029953,7.281801175239788
1,123.51648351648353,-21.235955056179776,241.3683487496031,7.324151924044873
1,123.60439560439562,-21.323888617489004,241.48766020811138,7.3451202151480715
1,123.7802197802198,-21.411822178798246,241.651933910715,7.43457997137375
1,123.95604395604397,-21.587689301416702,241.8906010631496,7.475664083069822
1,124.04395604395606,-21.675622862725945,242.0099278589919,7.495995741645318
1,123.95604395604397,-21.851489985344415,242.11334302707183,7.3314397986744515
1,123.7802197802198,-21.939423546653643,242.09771739763886,7.14675876832767
1,123.7802197802198,-22.115290669272113,242.24618596353392,7.0507224564602025
1,123.86813186813188,-22.20322423058134,242.36522621267565,7.070843780059307
1,124.04395604395606,-22.37909135319981,242.60328833807966,7.110661782864756
1,124.21978021978023,-22.46702491450904,242.76728570230765,7.19824337495724
1,124.30769230769232,-22.554958475818268,242.88633161483335,7.2177153682446615
1,124.39560439560441,-22.730825598436738,243.07933270282234,7.188586146128545
1,124.21978021978023,-22.818759159745966,243.06334710539105,7.004841239639727
1,124.13186813186815,-22.994626282364436,243.16644593492506,6.840488128281976
1,124.13186813186815,-23.082559843673664,243.24041559367538,6.792136544045394
1,124.30769230769232,-23.258426966292134,243.4779017963972,6.8302271482383485
1,124.4835164835165,-23.346360527601377,243.64153835618083,6.916339683376581
1,124.57142857142858,-23.434294088910605,243.76028971415423,6.934939535460124
1,124.74725274725276,-23.610161211529075,243.99776463949485,6.971700423095516
1,124.65934065934067,-23.698094772838303,244.02648943216204,6.855926502813102
1,124.57142857142858,-23.873961895456773,244.12901829261648,6.691504289693566
1,124.39560439560441,-23.961895456766,244.1131948553031,6.508972206434179
1,124.57142857142858,-24.13776257938447,244.35007811744774,6.545310793153106
1,124.65934065934067,-24.2256961406937,244.4685035863967,6.563259109136787
1,124.83516483516485,-24.40156326331217,244.70532095902936,6.598711569272875
1,125.01098901098902,-24.489496824621398,244.86862075001503,6.682628701121014
1,125.09890109890111,-24.577430385930626,244.98702898674844,6.699897121863554
1,125.01098901098902,-24.753297508549096,245.08899040836235,6.535416842682231
1,124.92307692307693,-24.929164631167566,245.1910545606314,6.3710748815299905
1,124.83516483516485,-25.017098192476794,245.21978515385143,6.255888985943055
1,124.92307692307693,-25.105031753786037,245.33789240156952,6.27294566897836
1,125.09890109890111,-25.280898876404493,245.5740666683154,6.306607518041996
1,125.01098901098902,-25.368832437713735,245.60268683886986,6.191553862140069
1,124.92307692307693,-25.54469956033219,245.7047470161425,6.027445332229595
1,124.74725274725276,-25.632633121641433,245.6891256254368,5.846784940715711
1,124.92307692307693,-25.80850024425989,245.92469957216628,5.880026843535106
1,125.09890109890111,-25.89643380556913,246.08699204570064,5.961939791948435
1,125.09890109890111,-26.072300928187595,246.23342213665185,5.863375047780648
1,124.92307692307693,-26.16023448949683,246.21778882436064,5.683335461077775
1,124.74725274725276,-26.248168050806058,246.20247680433843,5.503373243891286
1,124.92307692307693,-26.424035173424528,246.43747395553282,5.535719747901727
1,125.01098901098902,-26.511968734733756,246.5549480520802,5.551664117085898
1,125.1868131868132,-26.687835857352226,246.78984596820968,5.583093008964316
1,125.27472527472528,-26.775769418661454,246.90726925436945,5.598576704260552
1,125.45054945054946,-26.951636541279925,247.14206313467906,5.629080537509694
1,125.36263736263737,-27.03957010258916,247.17064954198733,5.514804830079244
1,125.27472527472528,-27.215437225207623,247.27232723283873,5.3510817149433345
1,125.09890109890111,-27.303370786516858,247.2570330798975,5.172394109284551
1,125.27472527472528,-27.47923790913532,247.49121934170424,5.202480486662053
1,125.45054945054946,-27.567171470444556,247.65246259374476,5.2816168464672
1,125.53846153846155,-27.655105031753784,247.76953138864542,5.2961797528805405
1,125.71428571428572,-27.830972154372255,248.00360952652565,5.324835259905572
1,125.80219780219781,-27.91890571568149,248.1206183090225,5.338927066802187
1,125.97802197802199,-28.094772838299953,248.35457388570674,5.366636815939175
1,126.06593406593407,-28.182706399609188,248.47152010805985,5.380253974783695
1,126.24175824175825,-28.35857352222765,248.70534797709956,5.407010915550868
1,126.32967032967034,-28.446507083536886,248.8222290406922,5.420149924518453
1,126.50549450549451,-28.62237420615535,249.05592395430622,5.445947100400661
1,126.41758241758242,-28.710307767464585,249.08383616603373,5.332324324287156
1,126.32967032967034,-28.886174890083048,249.18423769180205,5.168409000900108
1,126.15384615384616,-28.974108451392283,249.16824078356876,4.991891540362306
1,126.32967032967034,-29.149975574010746,249.40130386587302,5.017265373103293
1,126.41758241758242,-29.23790913531998,249.517799648002,5.029710618887742
1,126.50549450549451,-29.41377625793845,249.7065128202365,4.991463398422047
1,126.32967032967034,-29.50170981924768,249.69056955856013,4.815629521002376
1,126.24175824175825,-29.67757694186615,249.79120421761584,4.652182213309139
1,126.24175824175825,-29.765510503175378,249.86350765085785,4.601798243666162
1,126.41758241758242,-29.941377625793848,250.09579425156775,4.625782602355198
1,126.50549450549451,-30.029311187103076,250.2118989297844,4.637530961111843
1,126.68131868131869,-30.11724474841231,250.37195599270655,4.711256885128172
1,126.85714285714286,-30.29311187103078,250.60407293029698,4.733743893803539
1,126.94505494505495,-30.38104543234001,250.72009079751123,4.744741055697887
1,127.12087912087912,-30.55691255495848,250.95204377963785,4.76624091253567
1,127.20879120879123,-30.644846116267708,251.0679782696764,4.776742900156556
1,127.3846153846154,-30.820713238886178,251.29976167255862,4.79724923932589
1,127.47252747252749,-30.908646800195413,251.4156099501896,4.8072528946412145
1,127.64835164835166,-31.084513922813876,251.64721805700037,4.826759450114905
1,127.73626373626375,-31.17244748412311,251.76297724075923,4.836261665236666
1,127.91208791208793,-31.348314606741575,251.99440424280044,4.854762271755567
1,127.91208791208793,-31.524181729360038,252.13719958762798,4.751409975265614
1,127.73626373626375,-31.612115290669273,252.1203771843227,4.578514552042382
1,127.64835164835166,-31.787982413287743,252.2193246028257,4.414827798968874
1,127.82417582417584,-31.963849535906206,252.45002867800932,4.432564549380411
1,127.91208791208793,-32.05178309721544,252.56533245470985,4.441179475617235
1,128.0879120879121,-32.227650219833905,252.79584183971056,4.457900790842528
1,128.17582417582418,-32.31558378114314,252.91104678451634,4.466006529831107
1,128.26373626373626,-32.4914509037616,253.097338239043,4.421935528943553
1,128.17582417582418,-32.66731802638007,253.19566884073575,4.258218169649207
1,128.0,-32.7552515876893,253.17929078759096,4.086895399587015
1,128.0879120879121,-32.93111871030777,253.36533304916227,4.042773582130313
1,128.26373626373626,-33.106985832926235,253.59490613161054,4.057705531307403
1,128.35164835164835,-33.19491939423547,253.70963953959577,4.064914345509437
1,128.52747252747253,-33.37078651685393,253.93899840041095,4.07881610209846
1,128.6153846153846,-33.45872007816317,254.05362317317486,4.085508429894474
1,128.7912087912088,-33.63458720078163,254.2827616918681,4.09837446263753
1,128.87912087912088,-33.722520762090866,254.39727474866334,4.104547564714823
1,128.96703296703296,-33.89838788470933,254.58238311943813,4.057929842044496
1,129.14285714285714,-34.0742550073278,254.81111364092368,4.069265809679747
1,129.23076923076925,-34.162188568637035,254.92542031252478,4.074671959853735
1,129.40659340659343,-34.3380556912555,255.15391471417163,4.084959145096772
1,129.49450549450552,-34.42598925256473,255.26810173460436,4.08983960701262
1,129.6703296703297,-34.601856375183196,255.4963536300113,4.099072851539681
1,129.75824175824178,-34.68978993649243,255.6104177868975,4.103425073008611
1,129.93406593406596,-34.865657059110895,255.83842071339183,4.111599326592768
1,130.02197802197804,-34.95359062042013,255.95235875661464,4.11542080965721
1,129.93406593406596,-35.12945774303859,256.0485103724352,3.9513765856021474
1,129.75824175824178,-35.21739130434783,256.03116508362234,3.7837804029150295
1,129.75824175824178,-35.39325842696629,256.1713438898552,3.6771861436645534
1,129.84615384615387,-35.481191988275526,256.2849342841213,3.680792927278265
1,130.02197802197804,-35.65705911089399,256.5119839214379,3.687473448664578
1,130.10989010989013,-35.744992672203225,256.6254424364178,3.6905466576207346
1,130.2857142857143,-35.920859794821695,256.8522250290505,3.69615766525094
1,130.3736263736264,-36.00879335613092,256.96554837084074,3.6986949473117194
1,130.2857142857143,-36.18466047874939,257.0614485174951,3.534942152363673
1,130.19780219780222,-36.360527601367856,257.15756087342754,3.371392350988492
1,130.02197802197804,-36.44846116267709,257.14092140815353,3.2056157881928367
1,130.19780219780222,-36.624328285295555,257.36680754164684,3.210299387373043
1,130.2857142857143,-36.71226184660479,257.4796806289126,3.2123722891235587
1,130.46153846153848,-36.88812896922325,257.705285006027,3.2159790557164434
1,130.54945054945057,-36.97606253053249,257.81801555682705,3.217512430199914
1,130.72527472527474,-37.15192965315095,258.0433315262534,3.2200379510184134
1,130.81318681318683,-37.239863214460186,258.15591619864557,3.2210296193087746
1,130.989010989011,-37.41573033707866,258.38093704440575,3.2224695919919646
1,131.0769230769231,-37.503663898387885,258.493372464548,3.2229174307155617
1,131.25274725274727,-37.679531021006355,258.7180914077411,3.2232676642795366
1,131.34065934065936,-37.76746458231558,258.8303741707717,3.223169605884601
1,131.42857142857144,-37.94333170493405,259.01155051665955,3.168174989354539
1,131.60439560439562,-38.119198827552516,259.2357405845104,3.1669209992014102
1,131.6923076923077,-38.20713238886175,259.3477563325521,3.166019410613977
1,131.86813186813188,-38.382999511480214,259.5716273279374,3.163665975650948
1,131.95604395604397,-38.47093307278945,259.68348180058706,3.162213707252794
1,132.13186813186815,-38.64680019540791,259.90702675139784,3.1587570293093417
1,132.21978021978023,-38.73473375671715,260.01871644877957,3.156752210346351
1,132.3956043956044,-38.91060087933561,260.2419283281392,3.152188604694138
1,132.4835164835165,-39.08646800195408,260.4216823873899,3.0940378472998598
1,132.57142857142858,-39.17440156326332,260.5330869206237,3.091220391023411
1,132.74725274725276,-39.35026868588178,260.7557231862059,3.0850290156056968
1,132.83516483516485,-39.438202247191015,260.8669541248955,3.0816547186017513
1,132.74725274725276,-39.61406936980948,260.9598374155911,2.917570283254118
1,132.65934065934067,-39.78993649242795,261.05296357898976,2.7537019788296564
1,132.57142857142858,-39.96580361504641,261.14633473632625,2.5900513766255537
1,132.74725274725276,-40.141670737664874,261.3678869570956,2.5825440964206248
1,132.83516483516485,-40.22960429897411,261.4785734327521,2.5785112146074587
1,133.01098901098902,-40.40547142159257,261.69976513567224,2.569886082820022
1,133.0989010989011,-40.49340498290181,261.81026956884926,2.5652934852967375
1,133.27472527472528,-40.66927210552028,262.0310936072831,2.555547374006031
1,133.36263736263737,-40.757205666829506,262.14141241359306,2.55039352540627
1,133.45054945054946,-40.933072789447976,262.319166432165,2.4886152868977898
1,133.62637362637363,-41.10893991206644,262.53936512026115,2.4772229477768466
1,133.71428571428572,-41.196873473375675,262.64936857886556,2.4712449609111578
1,133.8901098901099,-41.37274059599414,262.869181708548,2.4587245787434497
1,133.8901098901099,-41.54860771861261,263.00353813271954,2.3451054456897347
1,133.71428571428572,-41.636541279921836,262.9858436236476,2.187908387418417
1,133.62637362637363,-41.812408402540306,263.078160532039,2.02443522761663
1,133.62637362637363,-41.900341963849534,263.14548741199843,1.96782336986559
1,133.8021978021978,-42.076209086468005,263.36430923635515,1.9543570522991054
1,133.8901098901099,-42.16414264777724,263.4736207234563,1.9473411703348664
1,133.97802197802199,-42.3400097703957,263.6499382586751,1.8832283706504784
1,134.15384615384616,-42.515876893014166,263.86809978996996,1.8681056721922171
1,134.24175824175825,-42.6038104543234,263.9770784623933,1.8602607210868443
1,134.41758241758242,-42.779677576941864,264.1948296012687,1.8440029523937655
1,134.5054945054945,-42.8676111382511,264.30360125813087,1.835589876070691
1,134.5934065934066,-43.04347826086957,264.478928675117,1.7695614307179537
1,134.76923076923077,-43.21934538348803,264.6959932358914,1.7516392963275358
1,134.85714285714286,-43.30727894479727,264.8044189172523,1.7423932632080565
1,135.03296703296704,-43.48314606741573,265.0210550447366,1.7233306812064115
1,135.12087912087912,-43.571079628724966,265.1292646744698,1.713513905116175
1,135.2967032967033,-43.74694675134343,265.34546502129473,1.6933088306311508
1,135.3846153846154,-43.834880312652665,265.4534549191278,1.6829203177436292
1,135.47252747252747,-44.01074743527113,265.62734558022737,1.614175620641174
1,135.64835164835165,-44.1866145578896,265.8428221319052,1.5922965985235202
1,135.64835164835165,-44.36248168050806,265.9744981848373,1.4756642997069285
1,135.47252747252747,-44.450415241817296,265.9571658182736,1.3233181087521364
1,135.3846153846154,-44.62628236443576,266.0476916121189,1.1600248052173496
1,135.56043956043956,-44.80214948705423,266.2622719602781,1.1373480880306266
1,135.64835164835165,-44.89008304836346,266.3694478547556,1.1257231318473022
1,135.73626373626374,-45.06595017098193,266.542296304694,1.0555041458065855
1,135.9120879120879,-45.24181729360039,266.7561310488375,1.0311505946134356
1,136.0,-45.329750854909626,266.86293145906404,1.0186866874156368
1,136.0879120879121,-45.50561797752809,267.0351361321444,0.9473323357633244
1,135.9120879120879,-45.593551538837325,267.01857837323854,0.7969370054780586
1,135.82417582417582,-45.76941866145579,267.1089761955813,0.634053312324042
1,135.82417582417582,-45.85735222276502,267.17464397560474,0.5755679745595801
1,136.0,-46.033219345383486,267.3872683907597,0.5496539263881354
1,136.0879120879121,-46.12115290669272,267.4934611871603,0.5364095821787576
1,136.26373626373626,-46.29702002931119,267.7056059307458,0.5093458971610824
1,136.35164835164835,-46.38495359062042,267.81155706637713,0.49552642003642267
1,136.52747252747253,-46.56082071323889,268.023214834547,0.46731187131098023
1,136.6153846153846,-46.64875427454812,268.12892065407016,0.45291667582560274
1,136.7912087912088,-46.82462139716659,268.3400841298207,0.4235501484144117
1,136.87912087912088,-46.912554958475816,268.4455409717726,0.40857870501109794
1,137.05494505494508,-47.088422081094286,268.65620282675746,0.37805919559797246
1,137.14285714285717,-47.17635564240352,268.7614070244552,0.36251103049009403
1,137.31868131868134,-47.352222765021985,268.9715599207883,0.3308376471719838
1,137.23076923076925,-47.44015632633122,268.9957202426442,0.22744506167125714
1,137.14285714285717,-47.61602344894968,269.0847277172889,0.06456271739411137
1,136.96703296703296,-47.70395701025892,269.0693053440347,-0.08212868531585076
1,137.05494505494508,-47.87982413287738,269.23878513981657,-0.15758880864771027
1,137.23076923076925,-48.05569125549585,269.44788995292294,-0.1901991996610685
1,137.40659340659343,-48.14362481680508,269.5921876532804,-0.1637688133600168
1,137.49450549450552,-48.231558378114315,269.69650357121105,-0.1806738559834428
1,137.6703296703297,-48.40742550073278,269.9048716289031,-0.21506122380184467
1,137.75824175824178,-48.49535906204201,270.0089229597683,-0.23254360625353276
1,137.6703296703297,-48.67122618466048,270.09764084125845,-0.39514985733150865
1,137.5824175824176,-48.847093307278946,270.1866877473273,-0.5575046782501055
1,137.40659340659343,-48.93502686858818,270.1723604945604,-0.7020423249324369
1,137.5824175824176,-49.110893991206645,270.3796815550847,-0.737362892680769
1,137.75824175824178,-49.19882755251588,270.5224481994954,-0.7133546513036656
1,137.84615384615387,-49.28676111382511,270.6258629926439,-0.731615057192157
1,138.02197802197804,-49.46262823644358,270.8324207044606,-0.7687130986520253
1,138.10989010989013,-49.55056179775281,270.9355628222074,-0.7875507626101153
1,138.2857142857143,-49.726428920371276,271.1415715791659,-0.8258034330022934
1,138.46153846153848,-49.81436248168051,271.28356537539315,-0.8041424509181913
1,138.54945054945057,-49.90229604298974,271.3863143730151,-0.8238694381340546
1,138.72527472527474,-50.07816316560821,271.5915312728754,-0.8639008894868785
1,138.81318681318683,-50.16609672691744,271.6939983738233,-0.8842053517941626
1,138.989010989011,-50.34196384953591,271.8986478751937,-0.925391730296741
1,139.16483516483518,-50.42989741084514,272.0398307709119,-0.9060802116137555
1,139.16483516483518,-50.605764533463606,272.16600172114454,-1.0286146129254898
1,138.989010989011,-50.69369809477284,272.1515702773616,-1.169868148981928
1,138.90109890109892,-50.869565217391305,272.2395022207536,-1.3320118218683104
1,138.90109890109892,-50.95749877870054,272.3028181188627,-1.3930501321005122
1,139.0769230769231,-51.133365901319,272.50615882786605,-1.4357856813283711
1,139.25274725274727,-51.22129946262824,272.64607508544145,-1.4179612875512662
1,139.25274725274727,-51.3971665852467,272.77215175502863,-1.5406173825970209
1,139.0769230769231,-51.485100146555936,272.7589000551978,-1.680502207715324
1,138.989010989011,-51.6609672691744,272.8473618923855,-1.8420464193989174
1,138.989010989011,-51.748900830483635,272.91063883230186,-1.903141557298973
1,139.16483516483518,-51.83683439179287,273.04953437540655,-1.8861824610064388
1,139.34065934065936,-52.01270151441133,273.2513140350869,-1.9310866421118542
1,139.42857142857144,-52.10063507572057,273.35205557695775,-1.953826722024165
1,139.60439560439562,-52.1885686370298,273.4904558647028,-1.9382783210049053
1,139.7802197802198,-52.364435759648266,273.6913803485952,-1.9849573032377767
1,139.86813186813188,-52.4523693209575,273.79169154353383,-2.008584596030682
1,140.04395604395606,-52.54030288226673,273.9295827950205,-1.994446557904393
1,140.21978021978023,-52.7161700048852,274.1296349820577,-2.042899228854497
1,140.3956043956044,-52.804103566194435,274.2671384902062,-2.0298597295555587
1,140.4835164835165,-52.89203712750366,274.36687565119536,-2.054684819530208
1,140.65934065934067,-53.06790425012213,274.5660384092877,-2.1049096973410473
1,140.83516483516485,-53.15583781143136,274.70300822289846,-2.093279290609729
1,140.92307692307693,-53.243771372740596,274.80229485684333,-2.118989910193385
1,141.0989010989011,-53.33170493404983,274.93899754647623,-2.1081459977026427
1,141.27472527472528,-53.507572056668295,275.13697325626526,-2.160762693567997
1,141.36263736263737,-53.59550561797753,275.2358007944611,-2.1873577951364505
1,141.27472527472528,-53.77137274059599,275.32121503641224,-2.3497027960151713
1,141.0989010989011,-53.85930630190523,275.3083983247247,-2.4851418792180273
1,141.0989010989011,-54.03517342452369,275.4315772236004,-2.6107850104311514
1,141.1868131868132,-54.123106985832926,275.5300410807884,-2.637571102387293
1,141.36263736263737,-54.21104054714216,275.66526968519935,-2.6286810735532153
1,141.53846153846155,-54.386907669760625,275.86158625348946,-2.683445772947891
1,141.71428571428572,-54.47484123106986,275.9963870160104,-2.6756495931130724
1,141.8021978021978,-54.562774792379095,276.0942359163891,-2.7036276204356855
1,141.97802197802199,-54.65070835368832,276.22874831443835,-2.6966147335626087
1,142.06593406593407,-54.82657547630679,276.38712139140546,-2.78870396150364
1,141.8901098901099,-54.91450903761602,276.374798645512,-2.922184110448711
1,141.8021978021978,-55.09037616023449,276.4603815288431,-3.0839469271496784
1,141.8021978021978,-55.17830972154373,276.5214303871962,-3.1473216710227865
1,141.97802197802199,-55.35417684416219,276.7157803245413,-3.2048448610622478
1,142.15384615384616,-55.442110405471425,276.8489261060673,-3.1994689056471874
1,142.24175824175825,-55.53004396678065,276.9457830271112,-3.2288240909976675
1,142.41758241758242,-55.61797752808989,277.07862717244564,-3.2242284871414046
1,142.5934065934066,-55.79384465070835,277.2716969842281,-3.284124428318024
1,142.76923076923077,-55.881778212017586,277.4040805934991,-3.280616494463608
1,142.94505494505495,-55.96971177332682,277.53630838764815,-3.2775794387558252
1,143.03296703296704,-56.05764533463606,277.6323612480663,-3.3084270481754876
1,143.2087912087912,-56.145578895945285,277.7642743164402,-3.306168091913416
1,143.3846153846154,-56.321446018563755,277.9557164502004,-3.3690445211423903
1,143.56043956043956,-56.40937957987298,278.08715074340074,-3.367869712452086
1,143.73626373626374,-56.49731314118222,278.21842123791447,-3.3671643638737
1,143.9120879120879,-56.58524670249145,278.34952632251935,-3.366928196774304
1,143.9120879120879,-56.761113825109916,278.46798342619223,-3.497110579014338
1,143.73626373626374,-56.84904738641915,278.45600045066413,-3.6269396570453
1,143.64835164835165,-57.024914509037615,278.5394539025651,-3.7890944670677453
1,143.73626373626374,-57.11284807034685,278.634273951747,-3.8217305348808313
1,143.82417582417582,-57.200781631656085,278.7289751288447,-3.8545544168500703
1,144.0,-57.28871519296531,278.85880979768723,-3.855629462893769
1,144.0879120879121,-57.46458231558378,279.0123617512686,-3.954151712335643
1,144.0,-57.640449438202246,279.09570417097484,-4.116146805410987
1,143.82417582417582,-57.72838299951148,279.08532397449187,-4.244442175380094
1,143.9120879120879,-57.904250122129945,279.2388116758135,-4.342907407433195
1,144.0879120879121,-57.99218368343918,279.3673717296671,-4.345293081237845
1,144.26373626373626,-58.080117244748415,279.4957557511184,-4.348143941570394
1,144.35164835164835,-58.25598436736688,279.64833192695323,-4.447826333121676
1,144.17582417582418,-58.34391792867611,279.638564915007,-4.575001556555995
1,144.0879120879121,-58.519785051294576,279.72275013278806,-4.73626809450976
1,144.0879120879121,-58.60771861260381,279.7820180403177,-4.80141335470609
1,144.26373626373626,-58.783585735222275,279.96840917575855,-4.870552741169717
1,144.43956043956044,-58.87151929653151,280.09533959161774,-4.875014921353095
1,144.6153846153846,-58.959452857840745,280.2220869214092,-4.879939642025969
1,144.7912087912088,-59.04738641914997,280.34864956858917,-4.885326494180076
1,144.967032967033,-59.13531998045921,280.4750259355427,-4.891175058646866
1,145.14285714285717,-59.22325354176844,280.60121442366847,-4.897484906109363
1,145.23076923076925,-59.31118710307767,280.69336060636545,-4.933845487418485
1,145.14285714285717,-59.48705422569614,280.77623825074625,-5.0954491924255825
1,144.967032967033,-59.57498778700537,280.7675987980893,-5.2203769877947135
1,144.967032967033,-59.75085490962384,280.88471287820306,-5.352020305720668
1,145.14285714285717,-59.838788470933075,281.0097718792398,-5.359327630097943
1,145.31868131868134,-59.92672203224231,281.13463810558807,-5.367094011922338
1,145.40659340659343,-60.01465559355154,281.2260826905478,-5.404234564383784
1,145.5824175824176,-60.10258915486077,281.35057552359274,-5.412759611265889
1,145.75824175824178,-60.19052271617001,281.4748713658476,-5.421742384536799
1,145.93406593406596,-60.278456277479236,281.59896862355987,-5.431182385629729
1,146.10989010989013,-60.36638983878847,281.7228657025738,-5.441079106022898
1,146.19780219780222,-60.542256961406935,281.8709084065299,-5.546401366152046
1,146.02197802197804,-60.63019052271617,281.86262490528947,-5.669367132413082
1,145.84615384615387,-60.718124084025405,281.85484737656043,-5.792200748808499
1,145.84615384615387,-60.893991206643875,281.9705490070149,-5.925173927896884
1,146.02197802197804,-60.9819247679531,282.0933194273553,-5.935902514450074
1,146.19780219780222,-61.06985832926233,282.2158854237712,-5.947085509718357
1,146.3736263736264,-61.15779189057157,282.33824540988803,-5.958722367247671
1,146.54945054945057,-61.2457254518808,282.46039779923336,-5.970812530790581
1,146.72527472527474,-61.33365901319004,282.58234100531087,-5.983355434324728
1,146.90109890109892,-61.42159257449927,282.7040734416736,-5.9963505020715075
1,147.0769230769231,-61.5095261358085,282.82559352199644,-6.0097971485153225
1,147.16483516483518,-61.597459697117735,282.9145887082116,-6.050456195769812
1,147.0769230769231,-61.7733268197362,282.9957884973937,-6.212165045613629
1,146.90109890109892,-61.86126038104543,282.98863524874986,-6.33290120986417
1,146.90109890109892,-62.037127503663896,283.10256276826726,-6.467478529787915
1,147.0769230769231,-62.12506106497313,283.2229195045449,-6.481903927555851
1,147.25274725274727,-62.21299462628237,283.34305916191795,-6.496778251285479
1,147.42857142857144,-62.300928187591595,283.46298016243406,-6.512100875599281
1,147.60439560439562,-62.38886174890083,283.58268092855513,-6.527871165558368
1,147.7802197802198,-62.476795310210065,283.70215988322394,-6.544088476684175
1,147.95604395604397,-62.56472887151929,283.8214154499313,-6.5607521549805785
1,148.13186813186815,-62.652662432828535,283.9404460527813,-6.577861536956309
1,148.30769230769232,-62.74059599413776,284.05925011655654,-6.595415949647958
1,148.21978021978023,-62.82852955544699,284.08347701994796,-6.6890626228130285
1,148.04395604395606,-62.91646311675623,284.076672844508,-6.807865032681937
1,147.95604395604397,-63.0923302393747,284.1575495032921,-6.969341729004639
1,148.13186813186815,-63.18026380068393,284.27556789839986,-6.987280036153032
1,148.30769230769232,-63.26819736199316,284.393357130481,-7.005661497741838
1,148.4835164835165,-63.356130923302395,284.51091563189493,-7.024485414701881
1,148.65934065934067,-63.44406448461163,284.62824183585343,-7.043751078638933
1,148.92307692307693,-63.53199804592086,284.77622550068327,-7.039057897763708
1,149.0989010989011,-63.61993160723009,284.89304961894544,-7.059356539429375
1,149.27472527472528,-63.70786516853933,285.0096361783359,-7.080094539759277
1,149.45054945054946,-63.795798729848556,285.12598361606274,-7.101271150037521
1,149.45054945054946,-63.97166585246703,285.2352464723864,-7.23975178793396
1,149.27472527472528,-64.05959941377625,285.2289162706675,-7.356486398178079
1,149.1868131868132,-64.23546653639472,285.3083981700637,-7.518311142552978
1,149.36263736263737,-64.32340009770395,285.4237501866848,-7.540152751347778
1,149.53846153846155,-64.4113336590132,285.5388595295883,-7.562430429112897
1,149.8021978021978,-64.49926722032242,285.68387700508777,-7.561924654831704
1,149.97802197802199,-64.58720078163165,285.7984593471322,-7.585221613609402
1,150.15384615384616,-64.6751343429409,285.9127937938679,-7.608952044657996
1,150.32967032967034,-64.76306790425012,286.0268787957921,-7.633115138180408
1,150.5054945054945,-64.85100146555936,286.1407128048635,-7.657710075422195
1,150.6813186813187,-64.93893502686859,286.2542942745514,-7.682736028699739
1,150.85714285714286,-64.93893502686859,286.31430269243225,-7.637906447457714
1,150.76923076923077,-65.11480214948705,286.3911328823817,-7.800726725573189
1,150.5934065934066,-65.20273571079629,286.3852103302237,-7.915416995262604
1,150.41758241758242,-65.29066927210552,286.3798040606592,-8.029974776876523
1,150.5934065934066,-65.46653639472399,286.5462523201864,-8.12556265464417
1,150.76923076923077,-65.46653639472399,286.60504660649116,-8.081496010736998
1,150.94505494505495,-65.55446995603322,286.7172829403381,-8.107898771906463
1,151.2087912087912,-65.64240351734244,286.858615900286,-8.113046944592721
1,151.2967032967033,-65.73033707865169,286.9409780472833,-8.161984265944328
1,151.2087912087912,-65.90620420127016,287.0179027352341,-8.324558262978204
1,151.03296703296704,-65.99413776257938,287.0131318044834,-8.437890872505978
1,151.03296703296704,-66.17000488519786,287.11984722408494,-8.578569062836145
1,151.2087912087912,-66.25793844650708,287.230553757813,-8.606474271840133
1,151.3846153846154,-66.25793844650708,287.28798048683205,-8.564202201117528
1,151.56043956043956,-66.34587200781633,287.39833449511775,-8.592821082444232
1,151.82417582417582,-66.43380556912555,287.5370858299299,-8.601072436864031
1,152.0,-66.52173913043478,287.64685993574176,-8.63067868280946
1,152.17582417582418,-66.60967269174401,287.75636415463794,-8.660704658776574
1,152.35164835164835,-66.69760625305325,287.8655969678278,-8.69114942935613
1,152.52747252747253,-66.69760625305325,287.92272363963065,-8.650549419740562
1,152.70329670329673,-66.78553981436248,288.0315880692119,-8.681699379887677
1,152.967032967033,-66.87347337567172,288.1686824973641,-8.693309111396914
1,153.14285714285717,-66.96140693698095,288.2769452245402,-8.725433758018742
1,153.31868131868134,-67.04934049829018,288.384928826783,-8.757972483090988
1,153.49450549450552,-67.1372740595994,288.4926317971234,-8.790924300162448
1,153.6703296703297,-67.1372740595994,288.5494197337999,-8.751980101629387
1,153.93406593406596,-67.22520762090865,288.6851185400272,-8.766354332236373
1,154.10989010989013,-67.31314118221788,288.7921008097898,-8.800554461837304
1,154.2857142857143,-67.40107474352712,288.8987962844571,-8.835163739080716
1,154.46153846153848,-67.48900830483635,289.00520346797134,-8.870181135632187
1,154.63736263736266,-67.48900830483635,289.0617215842549,-8.832593966541145
1,154.90109890109892,-67.57694186614557,289.19597271934515,-8.849702889558419
1,155.0769230769231,-67.66487542745482,289.30163580835176,-8.885954238352461
1,155.25274725274727,-67.75280898876404,289.4070044866947,-8.922609592742432
1,155.42857142857144,-67.75280898876404,289.463338065351,-8.886088332135861
1,155.6923076923077,-67.84074255007329,289.5964449274454,-8.90536047334909
1,155.86813186813188,-67.92867611138252,289.70105087623983,-8.943237959704305
1,156.04395604395606,-68.01660967269174,289.80535633259063,-8.981515203955267
1,156.21978021978023,-68.01660967269174,289.8614887081147,-8.946052449841403
1,156.4835164835165,-68.10454323400097,289.99341831900773,-8.967467747258667
1,156.65934065934067,-68.19247679531021,290.09694252047717,-9.006954898300638
1,156.83516483516485,-68.28041035661944,290.20016018806166,-9.046837427359463
1,157.01098901098902,-68.28041035661944,290.2560747676001,-9.012425418132105
1,157.27472527472528,-68.36834391792868,290.3867943423507,-9.035963096045142
1,157.45054945054946,-68.45627747923791,290.4892123481713,-9.077042906770611
1,157.62637362637363,-68.54421104054714,290.59131782143254,-9.118513585320411
1,157.8021978021978,-68.54421104054714,290.6469980946033,-9.085144202688754
1,158.06593406593407,-68.63214460185637,290.7764750573039,-9.110782780110476
1,158.24175824175825,-68.72007816316561,290.8777625886258,-9.153437720392757
1,158.41758241758242,-68.80801172447484,290.9787316337271,-9.196478889907448
1,158.6813186813187,-68.80801172447484,291.0619072624645,-9.148031623796113
1,158.85714285714286,-68.89594528578408,291.1623631808874,-9.191860961527771
1,159.03296703296704,-68.98387884709331,291.2624961383444,-9.236072983346865
1,159.2087912087912,-68.98387884709331,291.31779038396854,-9.204496235603763
1,159.47252747252747,-69.07181240840254,291.4450788266628,-9.233757010936962
1,159.64835164835165,-69.15974596971178,291.54436213051184,-9.279129731067641
1,159.82417582417582,-69.15974596971178,291.59951208913964,-9.2483071420541
1,160.0879120879121,-69.247679531021,291.7258689728246,-9.279098922841397
1,160.26373626373626,-69.33561309233025,291.8242891388408,-9.325621971988198
1,160.43956043956044,-69.42354665363948,291.92237606466216,-9.372519136130922
1,160.70329670329673,-69.42354665363948,292.0046932953236,-9.327859109421238
1,160.8791208791209,-69.5114802149487,292.1022369241475,-9.375521905251988
1,161.05494505494508,-69.59941377625793,292.19944293285863,-9.423555036870052
1,161.31868131868134,-69.59941377625793,292.28151170946165,-9.380009346946775
1,161.49450549450552,-69.68734733756718,292.37816548958097,-9.428801096406296
1,161.6703296703297,-69.7752808988764,292.4744772999183,-9.477959333821772
1,161.93406593406596,-69.7752808988764,292.55628437978226,-9.435520782079655
1,162.10989010989013,-69.86321446018565,292.6520350903676,-9.48543048374708
1,162.2857142857143,-69.95114802149487,292.74743951248126,-9.535702757765348
1,162.54945054945057,-69.95114802149487,292.82897172957394,-9.494363938333098
1,162.72527472527474,-70.0390815828041,292.92380624316746,-9.54538038481891
1,162.90109890109892,-70.12701514411333,293.0182901812575,-9.596755421133654
1,163.16483516483518,-70.12701514411333,293.09953444998234,-9.556508722679775
1,163.34065934065936,-70.21494870542257,293.1934397350412,-9.608620503058454
1,163.51648351648353,-70.21494870542257,293.247537847947,-9.582224244213684
1,163.7802197802198,-70.3028822667318,293.36793350873086,-9.621924432296042
1,163.95604395604397,-70.39081582804104,293.4608966320227,-9.675119934569967
1,164.13186813186815,-70.39081582804104,293.5147888956771,-9.649443672009882
1,164.3956043956044,-70.47874938935027,293.6341301584457,-9.690579761430982
1,164.57142857142858,-70.5666829506595,293.7261382873004,-9.744847175021933
1,164.74725274725276,-70.5666829506595,293.7798161272947,-9.719885483618295
1,165.01098901098902,-70.65461651196874,293.8980859445879,-9.762442808389023
1,165.1868131868132,-70.74255007327797,293.98912634900324,-9.817770126652944
1,165.45054945054946,-70.74255007327797,294.0693324638311,-9.78144521943361
1,165.62637362637363,-70.8304836345872,294.15976271299064,-9.837481082614625
1,165.8021978021978,-70.8304836345872,294.21314981500905,-9.813688816947446
1,166.06593406593407,-70.91841719589644,294.3296811401636,-9.858585989256227
1,166.24175824175825,-70.8304836345872,294.3468885488755,-9.754839461924643
1,166.32967032967034,-70.65461651196874,294.30174402952,-9.582243478454606
1,166.41758241758242,-70.47874938935027,294.25713500791,-9.40947501768289
1,166.5054945054945,-70.3028822667318,294.2130597937938,-9.23653559184402
1,166.6813186813187,-70.21494870542257,294.2326853082282,-9.132209663784069
1,166.85714285714286,-70.21494870542257,294.2880240434906,-9.108616896666664
1,167.12087912087912,-70.3028822667318,294.40600755472957,-9.154425153174271
1,167.2967032967033,-70.39081582804104,294.49592217465715,-9.212307946930984
1,167.47252747252747,-70.39081582804104,294.55102075943955,-9.1894258144445
1,167.73626373626374,-70.47874938935027,294.6678777636741,-9.236618510505059
1,167.9120879120879,-70.5666829506595,294.75678259953935,-9.29552619034784
1,168.17582417582418,-70.5666829506595,294.83907942111136,-9.262315643950402
1,168.35164835164838,-70.65461651196874,294.927346693052,-9.321910102414108
1,168.52747252747255,-70.65461651196874,294.98211215912744,-9.300193762590071
1,168.79120879120882,-70.74255007327797,295.0971404121108,-9.34966695084021
1,168.967032967033,-70.8304836345872,295.1843774909249,-9.410264983129784
1,169.23076923076925,-70.8304836345872,295.2661528914089,-9.378788383468626
1,169.40659340659343,-70.91841719589644,295.35273880849934,-9.440059197731715
1,169.5824175824176,-70.8304836345872,295.37537818591886,-9.337336535782315
1,169.6703296703297,-70.65461651196874,295.3394530700242,-9.162657836731487
1,169.75824175824178,-70.47874938935027,295.30406040361345,-8.987834303109398
1,169.84615384615387,-70.3028822667318,295.26919859255105,-8.812867355506429
1,170.02197802197804,-70.21494870542257,295.29426107183565,-8.709689388021044
1,170.19780219780222,-70.21494870542257,295.35070179105924,-8.688968143720297
1,170.46153846153848,-70.3028822667318,295.4659822253041,-8.74076997138752
1,170.63736263736266,-70.39081582804104,295.552627575154,-8.803190488495302
1,170.90109890109892,-70.39081582804104,295.6368968762262,-8.773214571466186
1,171.0769230769231,-70.47874938935027,295.7228778379965,-8.83629882661674
1,171.25274725274727,-70.47874938935027,295.77894267885796,-8.816737936091581
1,171.51648351648353,-70.5666829506595,295.8923055585974,-8.870756755140805
1,171.60439560439562,-70.39081582804104,295.86218450005265,-8.694955517032733
1,171.6923076923077,-70.21494870542257,295.8325916842198,-8.519026329298331
1,171.86813186813188,-70.21494870542257,295.889530222152,-8.499763949557583
1,172.13186813186815,-70.3028822667318,296.0033509502029,-8.55451420556658
1,172.30769230769232,-70.39081582804104,296.08828043070037,-8.61914329960749
1,172.57142857142858,-70.39081582804104,296.17326961214326,-8.591346554690366
1,172.74725274725276,-70.47874938935027,296.2575176550178,-8.656622869919266
1,172.92307692307693,-70.47874938935027,296.3140521087054,-8.638512157809664
1,173.1868131868132,-70.5666829506595,296.4258985400917,-8.695431979319979
1,173.27472527472528,-70.39081582804104,296.4004354338002,-8.51891469105896
1,173.27472527472528,-70.12701514411333,296.3200237923555,-8.267394228358343
1,173.36263736263737,-69.95114802149487,296.2955059990146,-8.090643121366472
1,173.45054945054946,-69.7752808988764,296.2715111392008,-7.913779915580312
1,173.53846153846155,-69.59941377625793,296.2480378014741,-7.736805917441553
1,173.53846153846155,-69.33561309233025,296.1689714639759,-7.484915096047165
1,173.62637362637363,-69.15974596971178,296.1464286136879,-7.307715266819796
1,173.71428571428572,-68.98387884709331,296.1244025983886,-7.130408107858486
1,173.71428571428572,-68.72007816316561,296.0462411646236,-6.878272334736046
1,173.8021978021978,-68.54421104054714,296.02513463266564,-6.70074497381175
1,173.8901098901099,-68.36834391792868,296.00454042229126,-6.523113679685155
1,173.8901098901099,-68.10454323400097,295.92726299172114,-6.270738680788594
1,173.8901098901099,-67.92867611138252,295.8757864365147,-6.102482371794306
1,173.62637362637363,-67.84074255007329,295.7544155626927,-6.047485096330699
1,173.45054945054946,-67.84074255007329,295.69071637627144,-6.067122788606202
1,173.27472527472528,-67.75280898876404,295.60054195299017,-6.003049525709643
1,173.01098901098902,-67.75280898876404,295.5048227567178,-6.033196410018514
1,172.83516483516485,-67.66487542745482,295.41398129789053,-5.9698070088867405
1,172.65934065934067,-67.57694186614557,295.3227415069085,-5.906736139793185
1,172.65934065934067,-67.40107474352712,295.2681330469121,-5.739470304964179
1,172.74725274725276,-67.22520762090865,295.2460859043612,-5.561713271477
1,172.74725274725276,-66.96140693698095,295.16462335265646,-5.310686928665011
1,172.83516483516485,-66.87347337567172,295.1704859822441,-5.2164204474088125
1,172.65934065934067,-66.78553981436248,295.0772494595951,-5.154000137688863
1,172.3956043956044,-66.69760625305325,294.95044340021605,-5.102746689116605
1,172.21978021978023,-66.69760625305325,294.88413679049523,-5.124564285682973
1,172.04395604395606,-66.60967269174401,294.78985525662983,-5.063178145943827
1,171.7802197802198,-66.52173913043478,294.6618810534843,-5.013353557673023
1,171.60439560439562,-66.52173913043478,294.5953220084736,-5.035951615217763
1,171.60439560439562,-66.34587200781633,294.53815425029967,-4.869562150054496
1,171.60439560439562,-66.08207132388861,294.45245533308645,-4.619968963268752
1,171.6923076923077,-65.90620420127016,294.4294241644579,-4.4419766601646975
1,171.7802197802198,-65.73033707865169,294.40688802558844,-4.263872438732779
1,171.60439560439562,-65.64240351734244,294.3097562059759,-4.203957744510358
1,171.42857142857144,-65.64240351734244,294.2409862674017,-4.227509967206424
1,171.25274725274727,-65.55446995603322,294.1433043714834,-4.168197543645212
1,170.989010989011,-65.46653639472399,294.01071392208576,-4.12133639752072
1,170.81318681318683,-65.46653639472399,293.94171177324426,-4.14569602473029
1,170.63736263736266,-65.37860283341476,293.84302184404356,-4.087466578869142
1,170.46153846153848,-65.29066927210552,293.74395235209323,-4.02958292366418
1,170.19780219780222,-65.20273571079629,293.6097879128531,-3.984697013667006
1,170.02197802197804,-65.20273571079629,293.5404045571377,-4.0101381763780894
1,169.84615384615387,-65.11480214948705,293.4403436754256,-3.95335458977989
1,169.5824175824176,-65.02686858817782,293.30508580825045,-3.9099835193204027
1,169.40659340659343,-64.93893502686859,293.2042004261286,-3.854040611490476
1,169.49450549450552,-64.76306790425012,293.1767589374683,-3.6763463936507526
1,169.5824175824176,-64.58720078163165,293.14980429254416,-3.4985273488112654
1,169.5824175824176,-64.32340009770395,293.0567018403261,-3.2516411588780394
1,169.6703296703297,-64.23546653639472,293.0615055669535,-3.155907664778708
1,169.49450549450552,-64.1475329750855,292.9587377903653,-3.1005717105226878
1,169.23076923076925,-64.05959941377625,292.8196218849613,-3.0593086727435397
1,169.05494505494508,-64.05959941377625,292.74771846294635,-3.08688005939188
1,168.8791208791209,-63.97166585246703,292.6439894194858,-3.0326828551618523
1,168.70329670329673,-63.88373229115779,292.53989527583747,-2.9788496557261652
1,168.43956043956047,-63.795798729848556,292.39929158773367,-2.9396596941637423
1,168.26373626373626,-63.795798729848556,292.3270564781153,-2.9683607854814196
1,168.0879120879121,-63.70786516853933,292.2220185485161,-2.915682442872314
1,167.9120879120879,-63.61993160723009,292.11662110852774,-2.8633737222890097
1,167.73626373626374,-63.53199804592086,292.010865504132,-2.8114360394370252
1,167.47252747252747,-63.44406448461163,291.86837847435277,-2.7748606345043387
1,167.56043956043956,-63.26819736199316,291.8377191190951,-2.5972500520603448
1,167.64835164835165,-63.0923302393747,291.8075351395043,-2.4195053374425473
1,167.47252747252747,-63.00439667806546,291.70027791354306,-2.3685270387446518
1,167.2967032967033,-63.00439667806546,291.62649354494704,-2.3991047240085095
1,167.12087912087912,-62.91646311675623,291.5187450643493,-2.3487918024326855
1,166.94505494505495,-62.82852955544699,291.41064552946426,-2.2988581132755277
1,166.6813186813187,-62.74059599413776,291.2651302535647,-2.265102063076251
1,166.5054945054945,-62.74059599413776,291.1910605382971,-2.2968447654955564
1,166.32967032967034,-62.652662432828535,291.0820628320887,-2.248110437825836
1,166.15384615384616,-62.56472887151929,290.9727199024356,-2.1997606522593633
1,165.97802197802199,-62.476795310210065,290.8630331540372,-2.1517967506497993
1,165.71428571428572,-62.38886174890083,290.71573837916276,-2.120751006895592
1,165.53846153846155,-62.300928187591595,290.6053041068673,-2.0737101955412984
1,165.36263736263737,-62.300928187591595,290.5307104410522,-2.1072160493144185
1,165.1868131868132,-62.21299462628237,290.4198106170979,-2.060861117578896
1,165.01098901098902,-62.12506106497313,290.3085743460682,-2.0148985220755073
1,164.83516483516485,-62.037127503663896,290.19700306549987,-1.969329558021193
1,164.57142857142858,-61.94919394235467,290.0475858780121,-1.9415769474915128
1,164.3956043956044,-61.94919394235467,289.9726298478874,-1.97656953961101
1,164.13186813186815,-61.94919394235467,289.86036831467993,-2.029432164747431
1,163.95604395604397,-61.94919394235467,289.78564298711285,-2.0649226270187246
1,163.86813186813188,-61.86126038104543,289.71033615557985,-2.0034218906825365
1,163.6923076923077,-61.68539325842697,289.5591680753009,-1.8808702913099928
1,163.60439560439562,-61.5095261358085,289.4450249288353,-1.7406482892582342
1,163.42857142857144,-61.5095261358085,289.36952404189395,-1.7772436300652448
1,163.25274725274727,-61.42159257449927,289.25541826105257,-1.735071029336913
1,162.989010989011,-61.42159257449927,289.14217654182124,-1.7907940898977954
1,162.72527472527474,-61.42159257449927,289.0291541812014,-1.84696725753958
1,162.54945054945057,-61.5095261358085,288.9934692196171,-1.9632187952383047
1,162.2857142857143,-61.42159257449927,288.8412752910792,-1.9415864665909757
1,162.10989010989013,-61.33365901319004,288.7262380116235,-1.9014916593757465
1,162.02197802197804,-61.2457254518808,288.64852249389696,-1.842478648269237
1,162.10989010989013,-61.15779189057157,288.6461304324467,-1.7449077513643165
1,162.3736263736264,-61.15779189057157,288.75957356056415,-1.6872131573624578
1,162.54945054945057,-61.06985832926233,288.7958002059048,-1.570444002110213
1,162.63736263736266,-60.893991206643875,288.7549822233513,-1.3941407873959666
1,162.90109890109892,-60.893991206643875,288.869815773684,-1.3368813092067766
1,162.989010989011,-60.718124084025405,288.8301538096,-1.1602583890926177
1,162.90109890109892,-60.63019052271617,288.75252054558587,-1.10057880443497
1,162.72527472527474,-60.542256961406935,288.63600947375784,-1.0603477431551582
1,162.54945054945057,-60.63019052271617,288.5982054826128,-1.1776505334424123
1,162.3736263736264,-60.718124084025405,288.5609222312847,-1.2949475532242756
1,162.10989010989013,-60.718124084025405,288.44591721387764,-1.3534337406225385
1,161.93406593406596,-60.63019052271617,288.3291331263284,-1.3144869438661444
1,161.75824175824178,-60.542256961406935,288.21203987786413,-1.2759549068059537
1,161.49450549450552,-60.542256961406935,288.09695399814086,-1.3358243403527519
1,161.31868131868134,-60.45432340009771,287.97940025554857,-1.2981734309558748
1,161.31868131868134,-60.45432340009771,287.97940025554857,-1.2981734309558748
1,161.31868131868134,-60.19052271617001,287.85653341395033,-1.0647189839095232
1,161.14285714285717,-60.19052271617001,287.77922180270025,-1.105520159153006
1,161.05494505494508,-60.10258915486077,287.69934643221063,-1.0483403939121811
1,161.31868131868134,-60.10258915486077,287.81558213664545,-0.9868996942236317
1,161.5824175824176,-60.10258915486077,287.9320578547982,-0.9259191727826886
1,161.75824175824178,-60.01465559355154,287.96940682394256,-0.8074336262729258
1,161.93406593406596,-59.92672203224231,288.00727615243386,-0.6889402261200178
1,162.19780219780222,-59.92672203224231,288.12492699410694,-0.6287207144217158
1,162.2857142857143,-59.92672203224231,288.1641965217915,-0.6087511385107724
1,162.54945054945057,-59.92672203224231,288.28216202250593,-0.5491538107688644
1,162.63736263736266,-59.838788470933075,288.282140721749,-0.45077620775924826
1,162.46153846153848,-59.75085490962384,288.163608874007,-0.41194458275242635
1,162.2857142857143,-59.66292134831461,288.0447676587278,-0.3735307831473751
1,162.10989010989013,-59.57498778700537,287.9256186250146,-0.33553595577889483
1,161.93406593406596,-59.48705422569614,287.80616332722997,-0.2979612387592443
1,161.75824175824178,-59.39912066438691,287.68640332495767,-0.2608077614277149
1,161.5824175824176,-59.31118710307767,287.5663401829632,-0.22407664430062568
1,161.31868131868134,-59.22325354176844,287.4061498154725,-0.20868563617131433
1,161.14285714285717,-59.13531998045921,287.28543787050677,-0.17296132740375048
1,160.967032967033,-59.04738641914997,287.16442812490646,-0.13766298524737158
1,160.79120879120882,-58.959452857840745,287.0431221649514,-0.10279169093998028
1,160.79120879120882,-58.87151929653151,287.00157167078396,-0.02529414220989606
1,160.8791208791209,-58.69565217391305,286.9587415829394,0.15125824942954857
1,160.8791208791209,-58.519785051294576,286.87584294885085,0.3063620052770422
1,160.70329670329673,-58.43185148998535,286.75326962479187,0.34041910211405313
1,160.43956043956044,-58.34391792867611,286.5898421829122,0.35205673754878264
1,160.26373626373626,-58.25598436736688,286.4666437443832,0.3850887668600664
1,160.0879120879121,-58.16805080605765,286.3431573328325,0.41768711454434265
1,160.17582417582418,-57.99218368343918,286.2992775573708,0.5942218825745967
1,160.26373626373626,-57.81631656082072,286.25582547008156,0.7709230917592027
1,160.17582417582418,-57.72838299951148,286.1724769606825,0.8255547583764583
1,160.0,-57.640449438202246,286.047733541171,0.8573244514890269
1,159.82417582417582,-57.55251587689302,285.9227066534054,0.8886563051479633
1,159.64835164835165,-57.46458231558378,285.7973979432601,0.9195493217283585
1,159.56043956043956,-57.37664875427455,285.7131497979559,0.9731903747619063
1,159.64835164835165,-57.200781631656085,285.66876107626393,1.1498725199669657
1,159.73626373626374,-57.024914509037615,285.62479298713623,1.3267215406062507
1,159.56043956043956,-56.93698094772839,285.49823350913186,1.3567761338043667
1,159.3846153846154,-56.84904738641915,285.3713968079485,1.3863878155352063
1,159.2087912087912,-56.761113825109916,285.2442845566823,1.4155556253842962
1,159.03296703296704,-56.67318026380069,285.1168984329731,1.4442786128297402
1,158.85714285714286,-56.58524670249145,284.98924011893723,1.4725558372892626
1,158.6813186813187,-56.49731314118222,284.8613113011002,1.5003863681667398
1,158.5054945054945,-56.40937957987298,284.7331136703264,1.5277692848984605
1,158.32967032967034,-56.321446018563755,284.60464892174906,1.5547036769988807
1,158.24175824175825,-56.145578895945285,284.47357431738504,1.6817860043754884
1,158.41758241758242,-56.05764533463606,284.5138669738688,1.807190358532088
1,158.41758241758242,-55.881778212017586,284.42524838266024,1.9591261187329279
1,158.24175824175825,-55.79384465070835,284.2955545856024,1.9851973919090808
1,158.06593406593407,-55.70591108939912,284.16559848176604,2.010816297519643
1,157.8901098901099,-55.61797752808989,284.0353817928257,2.0359819647037978
1,157.71428571428572,-55.53004396678065,283.90490624446244,2.0606935329715528
1,157.53846153846155,-55.442110405471425,283.7741735662837,2.0849501522475937
1,157.36263736263737,-55.35417684416219,283.6431854917434,2.108750982914659
1,157.1868131868132,-55.266243282852955,283.5119437580599,2.1320951958563654
1,157.01098901098902,-55.09037616023449,283.33455053800185,2.2300061326153187
1,157.0989010989011,-54.91450903761602,283.2859029071066,2.406383038255612
1,157.1868131868132,-54.73864191499756,283.2376531910556,2.5829339490693553
1,157.0989010989011,-54.65070835368832,283.14843218925614,2.6316143236570255
1,156.92307692307693,-54.562774792379095,283.01553597943507,2.6534947268593885
1,156.74725274725276,-54.47484123106986,282.88239331703556,2.674913666761498
1,156.57142857142858,-54.2989741084514,282.7025827129603,2.770583776623576
1,156.65934065934067,-54.123106985832926,282.6535653899355,2.9471499500279585
1,156.74725274725276,-53.94723986321446,282.6049386421814,3.1238896863606076
1,156.57142857142858,-53.85930630190523,282.4703753519483,3.1441225814913585
1,156.3956043956044,-53.77137274059599,282.33557184985006,3.1638899103226223
1,156.30769230769232,-53.683439179286765,282.24470430818457,3.210858953994264
1,156.13186813186815,-53.59550561797753,282.10944632990373,3.229865662186492
1,155.95604395604397,-53.507572056668295,281.97395286157786,3.2484047786638492
1,155.7802197802198,-53.41963849535907,281.83822570660726,3.266475598253628
1,155.60439560439562,-53.33170493404983,281.7022666712424,3.2840774269697324
1,155.42857142857144,-53.243771372740596,281.5660775644836,3.3012095820491507
1,155.25274725274727,-53.15583781143136,281.42966019797865,3.317871391987993
1,155.0769230769231,-52.9799706888129,281.2449028683947,3.4077195411300907
1,154.90109890109892,-52.89203712750366,281.107842631291,3.423313996918213
1,154.72527472527474,-52.804103566194435,280.9705600670945,3.4384357624953226
1,154.63736263736266,-52.7161700048852,280.87753713232036,3.4824906983497
1,154.46153846153848,-52.628236443575965,280.7398291888859,3.4968394106702276
1,154.2857142857143,-52.54030288226673,280.6019037283958,3.5107137017800634
1,154.10989010989013,-52.364435759648266,280.4145886957777,3.597075755827965
1,154.2857142857143,-52.27650219833903,280.45492743163726,3.729973659158227
1,154.3736263736264,-52.10063507572057,280.4019040429809,3.9061411259594907
1,154.2857142857143,-52.01270151441133,280.30787778540605,3.9492091290720444
1,154.10989010989013,-51.924767953102105,280.1685979399505,3.9618489099354806
1,153.93406593406596,-51.748900830483635,279.97969426109194,4.046829827778038
1,153.75824175824178,-51.6609672691744,279.83980563964,4.05838581782915
1,153.84615384615387,-51.485100146555936,279.78596777973473,4.234542772185939
1,153.93406593406596,-51.30923302393747,279.7324928003492,4.410878881300483
1,153.84615384615387,-51.22129946262824,279.6373209832492,4.452766755160638
1,153.6703296703297,-51.045432340009775,279.4465330459984,4.5359874449806705
1,153.49450549450552,-50.95749877870054,279.30511108218735,4.545991324748885
1,153.40659340659343,-50.869565217391305,279.2093011764506,4.587018267631672
1,153.23076923076925,-50.78163165608207,279.0674853812913,4.596233754507585
1,153.05494505494508,-50.69369809477284,278.9254722063713,4.6049658006039795
1,152.8791208791209,-50.51783097215437,278.73264709230875,4.6852356056584705
1,152.8791208791209,-50.42989741084514,278.68202022119146,4.757253626648278
1,152.967032967033,-50.25403028822667,278.62695480904665,4.933510640955981
1,153.05494505494508,-50.07816316560821,278.57223973396526,5.109946534151356
1,152.8791208791209,-49.990229604298975,278.42872372068314,5.1172871203089265
1,152.79120879120882,-49.90229604298974,278.33150278349734,5.156740351881378
1,152.6153846153846,-49.81436248168051,278.1876096874164,5.163285363763851
1,152.52747252747253,-49.55056179775281,277.98789381663187,5.345697983707853
1,152.70329670329673,-49.46262823644358,278.03050396221795,5.4834236980213245
1,152.70329670329673,-49.28676111382511,277.9286137093775,5.627107088799701
1,152.52747252747253,-49.19882755251588,277.7834184400427,5.632559382531135
1,152.35164835164835,-49.110893991206645,277.63804103157065,5.637521596992627
1,152.17582417582418,-48.93502686858818,277.44096296171483,5.713435200362066
1,152.0,-48.847093307278946,277.29504267436437,5.717284416823287
1,151.9120879120879,-48.75915974596971,277.1961132607444,5.754645036965374
1,151.73626373626374,-48.67122618466048,277.0498382336765,5.7576907956544465
1,151.56043956043956,-48.49535906204201,276.85120782973434,5.831216554559412
1,151.3846153846154,-48.40742550073278,276.7044070902761,5.833144844015216
1,151.2967032967033,-48.31949193942355,276.6047105007363,5.8693085737721935
1,151.12087912087912,-48.231558378114315,276.4575674390449,5.8704305155891925
1,150.94505494505495,-48.05569125549585,276.2574207595455,5.941556799114508
1,150.76923076923077,-47.967757694186616,276.1097692494001,5.941557243732215
1,150.6813186813187,-47.87982413287738,276.00932360200886,5.976518504414271
1,150.5054945054945,-47.791890571568146,275.86134224154677,5.975710033074778
1,150.32967032967034,-47.61602344894968,275.65971569233955,6.044426161332352
1,150.15384615384616,-47.52808988764045,275.5112432283524,6.04249261349082
1,150.06593406593407,-47.44015632633122,275.410066806999,6.0762463057003835
1,150.06593406593407,-47.26428920371275,275.3025008048654,6.215858026459342
1,150.15384615384616,-47.088422081094286,275.2427012979885,6.391833455076221
1,150.15384615384616,-46.912554958475816,275.13518291240047,6.531531189629733
1,149.97802197802199,-46.82462139716659,274.98531319019094,6.528152638015546
1,149.8021978021978,-46.64875427454812,274.78116015702733,6.593844927728557
1,149.71428571428572,-46.56082071323889,274.6788910072169,6.626400015546855
1,149.53846153846155,-46.472887151929655,274.5283938465124,6.621572350387664
1,149.36263736263737,-46.29702002931119,274.3231560159215,6.685464559910547
1,149.1868131868132,-46.209086468001956,274.17220400820565,6.679503018995666
1,149.0989010989011,-46.12115290669272,274.06923991786414,6.710839206277543
1,148.92307692307693,-45.94528578407426,273.86293763963675,6.772926631701856
1,148.74725274725276,-45.85735222276502,273.7113881680823,6.765511389301974
1,148.65934065934067,-45.76941866145579,273.60789881209877,6.795943788358702
1,148.4835164835165,-45.593551538837325,273.4005525648123,6.856222135394471
1,148.30769230769232,-45.50561797752809,273.24842251233696,6.847351024463325
1,148.21978021978023,-45.41768441621886,273.1444181662296,6.876877627913522
1,148.04395604395606,-45.24181729360039,272.93604854664767,6.935343016204779
1,147.86813186813188,-45.153883732291156,272.7833548260744,6.925014204831322
1,147.7802197802198,-45.06595017098193,272.67884582069206,6.95363321357916
1,147.60439560439562,-44.89008304836346,272.46947353280115,7.010282180790824
1,147.51648351648353,-44.80214948705423,272.3646111926961,7.038311952045668
1,147.34065934065936,-44.714215925744995,272.21122979284917,7.026203999548108
1,147.16483516483518,-44.538348803126524,272.00087563654984,7.081033505216511
1,147.0769230769231,-44.450415241817296,271.89552571325913,7.108153018303775
1,146.90109890109892,-44.36248168050806,271.74161824978296,7.094584413207237
1,146.72527472527474,-44.1866145578896,271.5303031092537,7.147591842346549
1,146.63736263736266,-44.09868099658036,271.42447606187835,7.173799859238114
1,146.46153846153848,-43.9228138739619,271.2124854059255,7.225624145511699
1,146.3736263736264,-43.834880312652665,271.1063227567634,7.251240280548861
1,146.19780219780222,-43.74694675134343,270.951510634071,7.235248526337259
1,146.02197802197804,-43.571079628724966,270.73859349622603,7.285247049156629
1,145.93406593406596,-43.48314606741573,270.6319710010377,7.309949960299598
1,145.75824175824178,-43.30727894479727,270.4184005744744,7.358762813576035
1,145.6703296703297,-43.21934538348803,270.31145361156666,7.382872654945377
1,145.49450549450552,-43.1314118221788,270.1557835529763,7.364456373045441
1,145.31868131868134,-42.955544699560335,269.94132135062046,7.411440958327854
1,145.23076923076925,-42.8676111382511,269.8339319163645,7.434636440896111
1,145.05494505494508,-42.691744015632636,269.6188388176522,7.4804336023364755
1,144.967032967033,-42.6038104543234,269.51113612921387,7.503035214514028
1,144.7912087912088,-42.42794333170494,269.2954209181523,7.547644351913394
1,144.7032967032967,-42.3400097703957,269.1874093746404,7.5696518239514
1,144.52747252747253,-42.25207620908647,269.0305770921892,7.547848908144394
1,144.35164835164835,-42.076209086468005,268.8140186982504,7.590628097727998
1,144.26373626373626,-41.98827552515877,268.7055890027357,7.611720536990913
1,144.0879120879121,-41.812408402540306,268.4884310727813,7.6533110410574485
1,144.0,-41.72447484123107,268.3797038228155,7.673809087348285
1,143.82417582417582,-41.54860771861261,268.161955216946,7.714210739326809
1,143.73626373626374,-41.37274059599414,267.99266044094657,7.798656193224465
1,143.64835164835165,-41.2848070346849,267.8834577198313,7.818285631441206
1,143.47252747252747,-41.10893991206644,267.664764606244,7.856949924454745
1,143.3846153846154,-41.021006350757204,267.5552752047248,7.875984794677346
1,143.2087912087912,-40.84513922813874,267.33601319171316,7.913460038487339
1,143.12087912087912,-40.66927210552028,267.16535237222604,7.995900327657226
1,143.12087912087912,-40.58133854421104,267.10444406249263,8.059891297590548
1,143.2087912087912,-40.40547142159257,267.03179825576376,8.23375174450288
1,143.3846153846154,-40.317537860283345,267.0696575754199,8.389565046658698
1,143.2967032967033,-40.141670737664874,266.898515965333,8.471870260305561
1,143.2087912087912,-40.05373717635565,266.78807273845155,8.489820459789833
1,143.12087912087912,-39.877870053737176,266.6164706318971,8.571489036069504
1,142.94505494505495,-39.70200293111871,266.3949566362291,8.606243147667373
1,142.85714285714286,-39.61406936980948,266.28406394666325,8.623322427337094
1,142.6813186813187,-39.438202247191015,266.0620097110625,8.65688560634361
1,142.5934065934066,-39.35026868588178,265.95084917621665,8.673369581566504
1,142.41758241758242,-39.17440156326332,265.728263801201,8.705742510983669
1,142.32967032967034,-39.08646800195408,265.61683997279135,8.721631555326688
1,142.15384615384616,-38.91060087933561,265.39373256401535,8.75281504651768
1,142.06593406593407,-38.73473375671715,265.2199553731698,8.831092164517598
1,142.06593406593407,-38.64680019540791,265.1578395391635,8.894064518880915
1,142.15384615384616,-38.47093307278945,265.08346066966004,9.068011751178206
1,142.32967032967034,-38.382999511480214,265.1214778061866,9.227059103279046
1,142.24175824175825,-38.20713238886175,264.9471977296021,9.305185002679597
1,142.15384615384616,-38.119198827552516,264.8348516357473,9.319980969950615
1,141.97802197802199,-37.94333170493405,264.6099079315678,9.348977747902138
1,141.8901098901099,-37.85539814362482,264.49731134735487,9.363178690176943
1,141.8021978021978,-37.679531021006355,264.32209250931584,9.439836097325182
1,141.71428571428572,-37.41573033707866,264.0839360481619,9.57868332465962
1,141.8901098901099,-37.32779677576942,264.1222248409438,9.739406636050733
1,141.97802197802199,-37.15192965315095,264.0477101043927,9.913868055233364
1,141.8901098901099,-37.06399609184172,263.9343664841883,9.92736780503542
1,141.71428571428572,-36.88812896922325,263.7074377602316,9.953772002601333
1,141.62637362637363,-36.800195407914025,263.59385369595736,9.966676614618445
1,141.45054945054946,-36.624328285295555,263.36644876029567,9.991891294135792
1,141.36263736263737,-36.53639472398632,263.2526289273429,10.004201540597936
1,141.1868131868132,-36.360527601367856,263.02475712568656,10.028228312731168
1,141.0989010989011,-36.18466047874939,262.84729961008895,10.101871230144457
1,141.01098901098902,-36.09672691744016,262.73309156930225,10.113311937991005
1,140.83516483516485,-35.920859794821695,262.5044502039723,10.135600783918129
1,140.74725274725276,-35.83292623351246,262.3900179156728,10.146449137413846
1,140.57142857142858,-35.65705911089399,262.1609327158891,10.167554262440458
1,140.74725274725276,-35.56912554958476,262.1986807991009,10.33121292613586
1,140.83516483516485,-35.39325842696629,262.122034369627,10.505486906586247
1,140.92307692307693,-35.30532486565706,262.1093650597645,10.618264314165012
1,140.74725274725276,-35.12945774303859,261.87928346874446,10.63890067681272
1,140.65934065934067,-35.041524181729365,261.7641344344524,10.648922794034153
1,140.4835164835165,-34.865657059110895,261.5336225023604,10.668375512118244
1,140.3956043956044,-34.77772349780166,261.4182606488952,10.677806365153323
1,140.21978021978023,-34.601856375183196,261.18732777453596,10.696077708218656
1,140.3956043956044,-34.51392281387396,261.22535185384726,10.861317691708527
1,140.4835164835165,-34.3380556912555,261.14804704574016,11.035751600039113
1,140.57142857142858,-34.25012212994626,261.13524161318264,11.149106751997666
1,140.3956043956044,-34.0742550073278,260.9033080632822,11.166901371176838
1,140.30769230769232,-33.986321446018565,260.7872388703568,11.175503280777642
1,140.13186813186815,-33.8104543234001,260.5548982801663,11.192117005091726
1,140.04395604395606,-33.63458720078163,260.3738206731519,11.260887948472705
1,139.95604395604397,-33.5466536394724,260.2574054691733,11.268624520274507
1,139.7802197802198,-33.37078651685393,260.0243798452207,11.283509346070213
1,139.6923076923077,-33.2828529555447,259.90777047264714,11.290657911735906
1,139.51648351648353,-33.106985832926235,259.67436121985736,11.304368146445793
1,139.42857142857144,-33.019052271617,259.5575623830083,11.310930142085299
1,139.25274725274727,-32.843185148998536,259.3237788914772,11.323468725045078
1,139.34065934065936,-32.66731802638007,259.24424101629455,11.497585592082693
1,139.51648351648353,-32.57938446507084,259.28211750698665,11.665765927563955
1,139.51648351648353,-32.40351734245237,259.1511441055322,11.78611428669159
1,139.34065934065936,-32.227650219833905,258.91624589748886,11.797772763666725
1,139.25274725274727,-32.13971665852467,258.79870699429586,11.803309482584028
1,139.0769230769231,-31.963849535906206,258.5634522080319,11.813798786674473
1,138.989010989011,-31.87591597459697,258.44573736984654,11.818751741477302
1,138.989010989011,-31.700048851978508,258.31372545971493,11.938085164735782
1,139.0769230769231,-31.524181729360038,258.23358590424726,12.112414695656248
1,139.16483516483518,-31.348314606741575,258.1535827805705,12.28688768905715
1,139.0769230769231,-31.26038104543234,258.03531300261216,12.291397495098899
1,138.90109890109892,-31.084513922813876,257.7986054791156,12.299834440783336
1,138.81318681318683,-30.99658036150464,257.68016878353706,12.303761978555976
1,138.63736263736266,-30.820713238886178,257.44313214240606,12.311036197984315
1,138.54945054945057,-30.644846116267708,257.2579277361336,12.373533653947575
1,138.72527472527474,-30.55691255495848,257.2956761885842,12.544638392961055
1,138.81318681318683,-30.38104543234001,257.21487511400943,12.719149195093301
1,138.72527472527474,-30.29311187103078,257.095854099524,12.722323483250856
1,138.54945054945057,-30.11724474841231,256.85765568325917,12.728092275322778
1,138.54945054945057,-30.029311187103076,256.7908357285852,12.787127302878053
1,138.63736263736266,-29.853444064484613,256.7096135051459,12.961663706049196
1,138.81318681318683,-29.765510503175378,256.74805764509176,13.133722227985954
1,138.72527472527474,-29.589643380556915,256.5616154358562,13.195411007580999
1,138.63736263736266,-29.50170981924768,256.4419386987118,13.197750148000143
1,138.46153846153848,-29.325842696629216,256.202436600086,13.20184989708258
1,138.3736263736264,-29.23790913531998,256.0826122928823,13.203610964457289
1,138.19780219780222,-29.062042012701518,255.84281978954394,13.20655665035172
1,138.10989010989013,-28.974108451392283,255.72285264053812,13.207741742524583
1,137.93406593406596,-28.79824132877382,255.48277915643624,13.209537628056282
1,137.84615384615387,-28.710307767464585,255.36267386100496,13.210148909930851
1,137.84615384615387,-28.53444064484612,255.2273090454464,13.326642848746472
1,138.02197802197804,-28.446507083536886,255.2649137231927,13.500637652446253
1,138.10989010989013,-28.270639960918416,255.1823650582488,13.67521127416916
1,138.02197802197804,-28.182706399609188,255.06176285086556,13.675562075246443
1,137.84615384615387,-28.006839276990718,254.82042720598022,13.675690976960208
1,137.75824175824178,-27.91890571568149,254.69969481182954,13.67546959055644
1,137.5824175824176,-27.74303859306302,254.45810347818372,13.674456444128538
1,137.49450549450552,-27.567171470444556,254.26902626060246,13.731454304682662
1,137.40659340659343,-27.655105031753784,254.28460434511425,13.61495702598341
1,137.23076923076925,-27.567171470444556,254.11119571409924,13.555002893307638
1,137.14285714285717,-27.74303859306302,254.19543380719566,13.380986658825845
1,136.96703296703296,-27.830972154372255,254.15923008246693,13.205811095122291
1,136.7912087912088,-27.91890571568149,254.12342034085827,13.030675633296823
1,136.6153846153846,-27.830972154372255,253.95103128342322,12.970056904607244
1,136.35164835164835,-27.74303859306302,253.7269507948126,12.849779353637878
1,136.17582417582418,-27.74303859306302,253.6235919646626,12.73122262457519
1,136.0,-27.655105031753784,253.4516779065824,12.669246578333663
1,135.82417582417582,-27.47923790913532,253.21089561989157,12.663432798817476
1,135.73626373626374,-27.303370786516858,253.02139288189477,12.71675898955288
1,135.82417582417582,-27.127503663898388,252.93474775491285,12.889682642876624
1,136.0879120879121,-27.127503663898388,253.08984120298115,13.069278491686376
1,136.17582417582418,-27.215437225207623,253.2106146892482,13.072274168488095
1,136.43956043956044,-27.303370786516858,253.43521564320167,13.194159782922464
1,136.6153846153846,-27.391304347826086,253.60804569182335,13.255930918860322
1,136.7912087912088,-27.303370786516858,253.64376327534234,13.431756788817133
1,137.05494505494508,-27.303370786516858,253.8008955843498,13.60946604584314
1,137.23076923076925,-27.303370786516858,253.90599570406337,13.72770460311177
1,137.49450549450552,-27.391304347826086,254.1324865933612,13.846976182786324
1,137.5824175824176,-27.567171470444556,254.32177501179876,13.790176501953198
1,137.6703296703297,-27.391304347826086,254.2382057765084,13.964619007089611
1,137.75824175824178,-27.303370786516858,254.222962837039,14.081285887556115
1,137.5824175824176,-27.127503663898388,253.9803597336909,14.079146192976575
1,137.49450549450552,-27.03957010258916,253.85899881389759,14.07779214872843
1,137.31868131868134,-26.86370297997069,253.61616082655377,14.074517047287564
1,137.23076923076925,-26.775769418661454,253.4946847898505,14.07259654982033
1,137.05494505494508,-26.59990229604299,253.25162119593443,14.068191078976987
1,136.96703296703296,-26.511968734733756,253.1300346602479,14.065706679918067
1,136.87912087912088,-26.687835857352226,253.21506471360848,13.891637480234099
1,136.7032967032967,-26.775769418661454,253.1788954469462,13.715121945978337
1,136.52747252747253,-26.687835857352226,253.0052278826104,13.65252074885932
1,136.35164835164835,-26.59990229604299,252.83166117257713,13.58947397944598
1,136.17582417582418,-26.687835857352226,252.79649534280412,13.41266808641691
1,136.0,-26.775769418661454,252.76171177318489,13.235903149222672
1,135.73626373626374,-26.687835857352226,252.53712148462026,13.111828082068355
1,135.64835164835165,-26.775769418661454,252.55476170055155,12.995201324448999
1,135.73626373626374,-26.86370297997069,252.6756413610856,12.99904240981871
1,135.64835164835165,-26.951636541279925,252.69328860644382,12.882499744230937
1,135.3846153846154,-26.951636541279925,252.5389978114205,12.701863273672277
1,135.2087912087912,-26.86370297997069,252.3670516769236,12.637273531133228
1,134.94505494505495,-26.86370297997069,252.21366508589736,12.455787748183191
1,134.85714285714286,-27.03957010258916,252.30176175402866,12.283551659058011
1,134.85714285714286,-27.215437225207623,252.44073545801453,12.171829075798913
1,135.03296703296704,-27.303370786516858,252.61188693211446,12.236462048206858
1,135.12087912087912,-27.391304347826086,252.73214874451202,12.240569577444385
1,135.03296703296704,-27.567171470444556,252.81982882250512,12.06833351049835
1,134.94505494505495,-27.391304347826086,252.6303779976939,12.12025893809241
1,134.76923076923077,-27.215437225207623,252.38994572290088,12.111442215318355
1,134.5934065934066,-27.127503663898388,252.21898844816513,12.046225693274684
1,134.5054945054945,-27.03957010258916,252.09872260984758,12.041258676345588
1,134.32967032967034,-26.86370297997069,251.8580968252702,12.03078169346847
1,134.41758241758242,-26.687835857352226,251.76914228753603,12.202610091246179
1,134.32967032967034,-26.59990229604299,251.64862542860453,12.197049398308218
1,134.15384615384616,-26.511968734733756,251.47748027457595,12.130136947432321
1,133.97802197802199,-26.424035173424528,251.30643791218722,12.062796701268175
1,133.8021978021978,-26.248168050806058,251.06533271839322,12.050008467530693
1,133.8901098901099,-26.072300928187595,250.97541088976075,12.221551334233283
1,133.97802197802199,-25.89643380556913,250.88556673665843,12.393216809919233
1,134.24175824175825,-25.89643380556913,251.03784671179076,12.57810530348907
1,134.32967032967034,-25.98436736687836,251.15883021379082,12.584387396612666
1,134.5054945054945,-26.072300928187595,251.33074787487416,12.651829177048949
1,134.5934065934066,-26.248168050806058,251.52161110006892,12.602154437164085
1,134.85714285714286,-26.336101612115293,251.74467539995064,12.729733471733542
1,135.12087912087912,-26.336101612115293,251.8984723421397,12.91243106115135
1,135.2967032967033,-26.336101612115293,252.00134089254274,13.034009074675218
1,135.47252747252747,-26.336101612115293,252.10448033179082,13.155409785578591
1,135.64835164835165,-26.336101612115293,252.20789158992278,13.276632332864912
1,135.9120879120879,-26.424035173424528,252.43285535318887,13.401700892996745
1,136.0879120879121,-26.336101612115293,252.4676150504054,13.578903547591151
1,136.26373626373626,-26.424035173424528,252.64118227541013,13.64282535415002
1,136.43956043956044,-26.336101612115293,252.67663096909217,13.819905726936751
1,136.7032967032967,-26.336101612115293,252.83411947137003,14.000177441817987
1,136.6153846153846,-26.16023448949683,252.64333543588742,14.053898139191928
1,136.52747252747253,-26.072300928187595,252.52157488096336,14.05047975187847
1,136.52747252747253,-25.89643380556913,252.3830815567142,14.164006494348707
1,136.6153846153846,-25.72056668295066,252.29718549102694,14.337965889357786
1,136.7032967032967,-25.632633121641433,252.28069025075428,14.4552459286591
1,136.52747252747253,-25.456765999022963,252.03623956305233,14.447473888980166
1,136.43956043956044,-25.368832437713735,251.91396697794525,14.443309515029558
1,136.26373626373626,-25.192965315095265,251.66932982448733,14.43442562832353
1,136.17582417582418,-25.105031753786037,251.5469662505159,14.429706750438298
1,136.0,-24.929164631167566,251.30215158053343,14.419716730452127
1,135.9120879120879,-24.841231069858324,251.17970146803594,14.414446237329887
1,135.73626373626374,-24.665363947239868,250.93471813297293,14.403355924785048
1,135.64835164835165,-24.577430385930626,250.81218588278782,14.397536768319194
1,135.47252747252747,-24.489496824621398,250.63728223011967,14.329655836624823
1,135.2967032967033,-24.313629702002928,250.3921667038128,14.316903468498625
1,135.47252747252747,-24.2256961406937,250.4264582144767,14.496682424747348
1,135.56043956043956,-24.04982901807523,250.33822635279725,14.670101142029557
1,135.64835164835165,-23.961895456766,250.3204325266055,14.787938043857535
1,135.47252747252747,-23.78602833414753,250.07437652907785,14.774640394230213
1,135.3846153846154,-23.698094772838303,249.9513131359136,14.767719915428131
1,135.2087912087912,-23.522227650219833,249.70511795083553,14.753337402725778
1,135.12087912087912,-23.434294088910605,249.58198710888874,14.745876076791216
1,134.94505494505495,-23.346360527601377,249.4065327497621,14.675341462826239
1,134.76923076923077,-23.170493404982906,249.1602500842562,14.659322895519376
1,134.6813186813187,-23.082559843673664,249.03707858136218,14.651046114892022
1,134.5054945054945,-22.906692721055208,248.79067754302883,14.633959396129592
1,134.41758241758242,-22.818759159745966,248.6674489243481,14.625150199190145
1,134.24175824175825,-22.64289203712751,248.42093776386776,14.607001999630846
1,134.15384615384616,-22.554958475818268,248.29765612598612,14.597663751328108
1,133.97802197802199,-22.46702491450904,248.12255545371116,14.524228927049757
1,133.8021978021978,-22.29115779189057,247.87599805885299,14.50448240084545
1,133.71428571428572,-22.20322423058134,247.7526962093898,14.494347713743284
1,133.53846153846155,-22.02735710796287,247.50604839546912,14.473557440946738
1,133.71428571428572,-21.939423546653643,247.53751795975583,14.656277929953548
1,133.8021978021978,-21.763556424035173,247.44567796369836,14.828611115777015
1,133.8901098901099,-21.675622862725945,247.4257141162094,14.947060234508637
1,133.71428571428572,-21.499755740107474,247.1781787266724,14.925720106681167
1,133.62637362637363,-21.411822178798246,247.05439201823248,14.91479047871658
1,133.45054945054946,-21.323888617489004,246.87889698390813,14.838803105444864
1,133.27472527472528,-21.148021494870548,246.63135789007433,14.815894609096475
1,133.1868131868132,-21.060087933561306,246.5075721218102,14.804183665252543
1,133.01098901098902,-20.88422081094285,246.25997025735677,14.780250440806702
1,132.92307692307693,-20.796287249633608,246.13615500001734,14.768028988163625
1,132.74725274725276,-20.62042012701515,245.88849791448246,14.743078487135985
1,132.57142857142858,-20.53248656570591,245.71345113001192,14.664589023492137
1,132.4835164835165,-20.44455300439668,245.58964986808894,14.651601278457937
1,132.30769230769232,-20.26868588177821,245.34202602712884,14.625124172447338
1,132.21978021978023,-20.180752320468983,245.21820424918587,14.611635668986933
1,132.21978021978023,-20.004885197850513,245.0724478911049,14.71673490912482
1,132.3956043956044,-19.916951636541285,245.1017269912244,14.901782092421664
1,132.4835164835165,-19.829018075232042,245.08002202626238,15.020643586051122
1,132.30769230769232,-19.741084513922814,244.90465760021692,14.940602621809761
1,132.04395604395606,-19.741084513922814,244.75153479840702,14.741321842494546
1,131.95604395604397,-19.916951636541285,244.84670424107503,14.570175542838905
1,131.7802197802198,-20.004885197850513,244.81818485693412,14.385023717211945
1,131.60439560439562,-20.092818759159755,244.7899697745739,14.199913904772204
1,131.6923076923077,-20.356619443087453,245.0593587225359,14.109553280556675
1,131.7802197802198,-20.44455300439668,245.18279053140841,14.123431839022983
1,131.6923076923077,-20.62042012701515,245.27787761697013,13.952559173870455
1,131.51648351648353,-20.70835368832438,245.2498482097233,13.768016419874435
1,131.34065934065936,-20.70835368832438,245.1493070702707,13.635701448065815
1,131.16483516483518,-20.70835368832438,245.04902632051477,13.503240273029764
1,130.90109890109892,-20.70835368832438,244.89909075678082,13.304276092098162
1,130.72527472527474,-20.796287249633608,244.87241444133318,13.119639283616706
1,130.72527472527474,-20.972154372252078,245.01823989362555,13.015950703445467
1,130.72527472527474,-21.148021494870548,245.16394334146258,12.912180748881212
1,130.81318681318683,-21.323888617489004,245.35916953980527,12.874389203596564
1,130.90109890109892,-21.499755740107474,245.55425539435856,12.83626799086553
1,130.989010989011,-21.763556424035173,245.8217619464203,12.745621104368903
1,131.0769230769231,-21.939423546653643,246.01648163232406,12.70674504113328
1,131.16483516483518,-22.02735710796287,246.13865877325492,12.719919278229492
1,131.25274725274727,-22.20322423058134,246.33317113334442,12.68047237061916
1,131.42857142857144,-22.29115779189057,246.5051252573762,12.7584492473702
1,131.51648351648353,-22.46702491450904,246.69944442959712,12.718281943823888
1,131.6923076923077,-22.64289203712751,246.94356543943616,12.742654226845495
1,131.7802197802198,-22.730825598436738,247.06560642665622,12.754588915850917
1,131.86813186813188,-22.906692721055208,247.25957428338944,12.71335942223582
1,131.95604395604397,-23.082559843673664,247.45338868031098,12.671792310226724
1,132.13186813186815,-23.170493404982906,247.62540649592452,12.747421059542974
1,132.30769230769232,-23.346360527601377,247.86921834419624,12.769280063291776
1,132.3956043956044,-23.522227650219833,248.06267783853403,12.726487708690781
1,132.3956043956044,-23.698094772838303,248.20574279691797,12.619498074514706
1,132.57142857142858,-23.873961895456773,248.4491167732633,12.63987866558393
1,132.74725274725276,-23.961895456766,248.62112789800403,12.713377575010243
1,132.65934065934067,-24.04982901807523,248.6420937801352,12.596060836364682
1,132.65934065934067,-24.2256961406937,248.78463855038675,12.488504088708217
1,132.83516483516485,-24.313629702002928,248.95641440395787,12.561335141077018
1,132.83516483516485,-24.489496824621398,249.09866948776678,12.453437747898814
1,132.57142857142858,-24.489496824621398,248.94811408479833,12.263763983651668
1,132.3956043956044,-24.577430385930626,248.91929464786173,12.083423025469216
1,132.4835164835165,-24.841231069858324,249.18267263536757,11.985359448874341
1,132.57142857142858,-25.017098192476794,249.3746911512602,11.940662893212815
1,132.74725274725276,-25.105031753786037,249.54558920436247,12.012434933866968
1,132.92307692307693,-25.192965315095265,249.71660146274579,12.083795111183038
1,132.92307692307693,-24.929164631167566,249.50396432334725,12.246226915786478
1,133.0989010989011,-24.841231069858324,249.53362706051402,12.426039702416887
1,133.1868131868132,-24.929164631167566,249.65487493310158,12.434549936296944
1,133.36263736263737,-25.017098192476794,249.82657180489414,12.505477893043468
1,133.53846153846155,-25.017098192476794,249.9277131236185,12.630539515886401
1,133.71428571428572,-25.017098192476794,250.0291196566928,12.755434698372815
1,133.8021978021978,-25.192965315095265,250.2210548451259,12.70835229881003
1,133.53846153846155,-25.192965315095265,250.06902560962288,12.521421521683376
1,133.53846153846155,-25.456765999022963,250.28077056582632,12.357606563973702
1,133.36263736263737,-25.54469956033219,250.2505148015682,12.178602561893065
1,133.1868131868132,-25.632633121641433,250.2206157090002,11.999647680155533
1,133.27472527472528,-25.80850024425989,250.41189535636252,11.952853392316088
1,133.1868131868132,-25.98436736687836,250.5027974192494,11.781769053381181
1,133.27472527472528,-26.16023448949683,250.69372631269326,11.734600529494998
1,133.27472527472528,-26.336101612115293,250.83447402541213,11.625370386631053
1,133.27472527472528,-26.511968734733756,250.97511134085272,11.516072054257217
1,133.1868131868132,-26.687835857352226,251.06582681083955,11.345185470767502
1,133.36263736263737,-26.86370297997069,251.3058703901452,11.358633601096289
1,133.45054945054946,-27.03957010258916,251.49592549590213,11.310214497032925
1,133.62637362637363,-27.127503663898388,251.66572009721438,11.377471674218215
1,133.71428571428572,-27.215437225207623,251.7856107556741,11.383393950303832
1,133.8021978021978,-27.47923790913532,252.04510835656933,11.27875702821081
1,133.71428571428572,-27.567171470444556,252.06502363927433,11.162874051231663
1,133.53846153846155,-27.655105031753784,252.03534789935506,10.986358221652003
1,133.36263736263737,-27.74303859306302,252.00604338901533,10.809895975518405
1,133.0989010989011,-27.74303859306302,251.85782268937427,10.627482568844833
1,132.92307692307693,-27.830972154372255,251.82937685937355,10.451000857774487
1,132.74725274725276,-27.655105031753784,251.59094710867566,10.438198707967732
1,132.65934065934067,-27.567171470444556,251.47168751591062,10.431532163796811
1,132.4835164835165,-27.655105031753784,251.4439608581661,10.254721508285607
1,132.30769230769232,-27.567171470444556,251.2759492632521,10.186407271430484
1,132.13186813186815,-27.47923790913532,251.10803051843956,10.117674216141976
1,131.95604395604397,-27.391304347826086,250.94020525259828,10.04852390177702
1,131.7802197802198,-27.215437225207623,250.7018417757316,10.032753791596631
1,131.6923076923077,-27.03957010258916,250.51190785637084,10.078314935433632
1,131.60439560439562,-26.951636541279925,250.39260369192417,10.069921836421795
1,131.42857142857144,-26.86370297997069,250.2247981365492,9.999131549194056
1,131.16483516483518,-26.86370297997069,250.0797446465504,9.812218692215874
1,130.989010989011,-26.687835857352226,249.84125300939783,9.793782553482316
1,130.90109890109892,-26.511968734733756,249.65083309181915,9.837398637253893
1,130.81318681318683,-26.336101612115293,249.46025906991417,9.880683515725341
1,130.72527472527474,-26.248168050806058,249.34082338899165,9.87072269176053
1,130.54945054945057,-26.16023448949683,249.17326060781758,9.797507931160865
1,130.3736263736264,-25.98436736687836,248.93434243206823,9.776547475197125
1,130.19780219780222,-25.98436736687836,248.8384427928366,9.649878276237063
1,130.02197802197804,-25.80850024425989,248.59956699569221,9.627863000156657
1,129.84615384615387,-25.80850024425989,248.50403799926335,9.500659431419365
1,129.6703296703297,-25.72056668295066,248.33699142635317,9.425458202866608
1,129.49450549450552,-25.80850024425989,248.31370913478204,9.245798292179366
1,129.40659340659343,-25.98436736687836,248.40991188611866,9.07797918966218
1,129.23076923076925,-26.072300928187595,248.3871926109958,8.898563263891116
1,129.31868131868134,-26.336101612115293,248.6497376715061,8.806287150714065
1,129.23076923076925,-26.424035173424528,248.67436882926486,8.690777880127369
1,129.05494505494505,-26.511968734733756,248.65214772605415,8.511828958941633
1,128.96703296703296,-26.687835857352226,248.74886664139498,8.34463229965041
1,128.87912087912088,-26.86370297997069,248.84569136607445,8.177576045618814
1,128.7912087912088,-27.03957010258916,248.94262448666933,8.010661736467757
1,128.7032967032967,-27.215437225207623,249.03966858195875,7.8438909149129135
1,128.52747252747253,-27.03957010258916,248.80320924093672,7.820625497328972
1,128.43956043956044,-26.86370297997069,248.61302193745493,7.860274472092982
1,128.43956043956044,-26.687835857352226,248.4691173227662,7.96329426774268
1,128.26373626373626,-26.511968734733756,248.23224043322003,7.938627911254867
1,128.17582417582418,-26.424035173424528,248.11377231968547,7.926050424039158
1,128.0,-26.336101612115293,247.94897988375752,7.8492510510972355
1,127.73626373626375,-26.248168050806058,247.73812398129942,7.707843580219428
1,127.82417582417584,-26.072300928187595,247.63970966961568,7.8741208435084795
1,127.91208791208793,-25.89643380556913,247.54139906994882,8.040537496350174
1,128.0,-25.72056668295066,247.44318957047415,8.207091972625038
1,128.0879120879121,-25.54469956033219,247.34507855147416,8.373782709107912
1,128.26373626373626,-25.632633121641433,247.51064947930075,8.45158140752032
1,128.35164835164835,-25.456765999022963,247.4128752781008,8.6185288917624
1,128.26373626373626,-25.280898876404493,247.221482151577,8.656396663354966
1,128.35164835164835,-25.105031753786037,247.12366300988563,8.823458809345867
1,128.35164835164835,-24.929164631167566,246.97893691949182,8.925841038814305
1,128.26373626373626,-24.753297508549096,246.78713864553998,8.963210239922812
1,128.0879120879121,-24.665363947239868,246.62081903002132,8.884165920530748
1,127.91208791208793,-24.489496824621398,246.38199989070043,8.85558493966277
1,127.73626373626375,-24.489496824621398,246.2885054856824,8.72495174964371
1,127.64835164835166,-24.489496824621398,246.24184594003944,8.659582526638378
1,127.3846153846154,-24.489496824621398,246.10221648199018,8.463265390480478
1,127.20879120879123,-24.577430385930626,246.08223846313894,8.281810634867982
1,127.03296703296704,-24.489496824621398,245.9168541286439,8.201023681511305
1,126.85714285714286,-24.577430385930626,245.89744140477205,8.01951022705065
1,126.68131868131869,-24.665363947239868,245.878344481706,7.838063697185018
1,126.50549450549451,-24.577430385930626,245.71355928358125,7.756661926469605
1,126.32967032967034,-24.40156326331217,245.4757813082838,7.72474593004871
1,126.32967032967034,-24.13776257938447,245.25638516149579,7.8742204197019126
1,126.50549450549451,-24.04982901807523,245.27512706632908,8.056291809589036
1,126.68131868131869,-23.961895456766,245.2941790102841,8.238429483394219
1,126.76923076923077,-23.78602833414753,245.19418380336816,8.40456864014209
1,126.76923076923077,-23.610161211529075,245.04793446849266,8.504582307793507
1,126.5934065934066,-23.434294088910605,244.8090131214421,8.47172680120166
1,126.50549450549451,-23.346360527601377,244.68953695681301,8.455069922615536
1,126.32967032967034,-23.170493404982906,244.4505550597242,8.421300105735376
1,126.50549450549451,-23.082559843673664,244.46963139602582,8.604389181175936
1,126.41758241758242,-22.994626282364436,244.35001726499104,8.58738154306535
1,126.24175824175825,-22.818759159745966,244.1107623051214,8.552912956847514
1,126.15384615384616,-22.64289203712751,243.9176128759138,8.584934584234164
1,126.06593406593407,-22.554958475818268,243.79792277045337,8.567259079067417
1,125.80219780219781,-22.554958475818268,243.65977448711237,8.365635691453699
1,125.62637362637363,-22.46702491450904,243.49427370145617,8.280205083434833
1,125.45054945054946,-22.37909135319981,243.32888807363088,8.194428882013215
1,125.27472527472528,-22.29115779189057,243.16361745850782,8.108308897763708
1,125.09890109890111,-22.115290669272113,242.92457600121975,8.070633948113136
1,125.01098901098902,-22.02735710796287,242.8050459173722,8.05157831938948
1,125.01098901098902,-21.851489985344415,242.6571423936608,8.148985326422315
1,125.09890109890111,-21.675622862725945,242.55487773562,8.314368570633706
1,125.36263736263737,-21.675622862725945,242.6923398315389,8.51827252096172
1,125.62637362637363,-21.675622862725945,242.83029892807977,8.721896438719373
1,125.80219780219781,-21.587689301416702,242.8487204087934,8.906596218567767
1,125.8901098901099,-21.499755740107474,242.8211216452171,9.023538524193574
1,125.97802197802199,-21.411822178798246,242.79359958889034,9.140535091038
1,125.8901098901099,-21.235955056179776,242.5995150558185,9.17087835705705
1,125.97802197802199,-21.060087933561306,242.49808139770266,9.337098416300275
1,125.8901098901099,-20.972154372252078,242.3777244693721,9.318083216648409
1,125.62637362637363,-20.972154372252078,242.23878334830457,9.113542435699527
1,125.53846153846155,-21.060087933561306,242.2666097404097,8.996445455054584
1,125.45054945054946,-20.972154372252078,242.14643420832653,8.977027272221804
1,125.36263736263737,-20.70835368832438,241.87802076411398,9.054903247984823
1,125.27472527472528,-20.62042012701515,241.75776087770996,9.035069443853068
1,125.01098901098902,-20.53248656570591,241.54551080334446,8.877782664161382
1,124.83516483516485,-20.44455300439668,241.379442772432,8.788727819597034
1,124.74725274725276,-20.53248656570591,241.4079384458227,8.671592446332145
1,124.57142857142858,-20.44455300439668,241.2421404749085,8.582213640795446
1,124.30769230769232,-20.356619443087453,241.03089507622943,8.423505376501138
1,124.21978021978023,-20.26868588177821,240.910913107213,8.402482239341714
1,124.13186813186815,-20.004885197850513,240.64187135751322,8.47717606091778
1,124.30769230769232,-19.916951636541285,240.6584738775565,8.663654466866301
1,124.4835164835165,-19.829018075232042,240.67534097273645,8.850191875030733
1,124.4835164835165,-19.565217391304344,240.45170530192323,8.994347834438484
1,124.57142857142858,-19.389350268685888,240.34838478840362,9.159844383371235
1,124.74725274725276,-19.301416707376646,240.36570808300183,9.346825024222328
1,124.92307692307693,-19.301416707376646,240.45785581466447,9.485651139438188
1,125.09890109890111,-19.389350268685888,240.62473138571977,9.576039856958781
1,125.27472527472528,-19.565217391304344,240.8661739247484,9.617658598841539
1,125.1868131868132,-19.653150952613586,240.89433437198008,9.500103316795787
1,125.09890109890111,-19.829018075232042,240.99696782252295,9.33419845992021
1,125.01098901098902,-19.916951636541285,241.02526035587232,9.216775762919577
1,125.1868131868132,-20.004885197850513,241.1918465795086,9.306283089648435
1,125.36263736263737,-20.092818759159755,241.35856143496332,9.395463403308646
1,125.45054945054946,-20.180752320468983,241.47909076303023,9.415601402779854
1,125.62637362637363,-20.180752320468983,241.57177512639234,9.55299792037413
1,125.62637362637363,-19.916951636541285,241.34906040964577,9.699203063562102
1,125.80219780219781,-19.829018075232042,241.36782582161456,9.885568712532807
1,125.97802197802199,-19.916951636541285,241.53530818049262,9.974213490501633
1,126.15384615384616,-19.829018075232042,241.55459045074986,10.160529525601229
1,126.24175824175825,-19.653150952613586,241.45303218881642,10.32722733303924
1,126.32967032967034,-19.477283829995116,241.35150509762727,10.494020311917431
1,126.41758241758242,-19.653150952613586,241.54693358013603,10.464657102766894
1,126.5934065934066,-19.565217391304344,241.56689947638517,10.651149347886022
1,126.76923076923077,-19.477283829995116,241.58713644594167,10.837694923239267
1,126.85714285714286,-19.389350268685888,241.56027253795668,10.955633250874529
1,126.76923076923077,-19.213483146067418,241.36452794867554,10.985383526744418
1,126.50549450549451,-19.12554958475819,241.14853295669533,10.82788532811715
1,126.41758241758242,-19.037616023448948,241.02705998826838,10.807910639533574
1,126.24175824175825,-18.86174890083049,240.78411877017655,10.767530638250946
1,126.06593406593407,-18.77381533952125,240.61568256557322,10.677857075106589
1,125.8901098901099,-18.77381533952125,240.5219141425839,10.539229358462613
1,125.71428571428572,-18.77381533952125,240.42836939302856,10.400483176257566
1,125.62637362637363,-18.68588177821202,240.3071086865855,10.379553307865637
1,125.45054945054946,-18.51001465559355,240.0645951575832,10.337273539250413
1,125.36263736263737,-18.422081094284323,239.9433428102596,10.315924634002275
1,125.1868131868132,-18.246213971665853,239.7008481205049,10.272811279570982
2,159.12087912087912,-59.13531998045921,286.3761236621058,-0.6720661428093194
2,159.2967032967033,-59.31118710307767,286.54114015348625,-0.780681986300871
2,159.2087912087912,-59.39912066438691,286.5454661632813,-0.8792798689256569
2,159.03296703296704,-59.48705422569614,286.51123266304444,-0.9999068996049739
2,158.85714285714286,-59.57498778700537,286.4775175453724,-1.1205081903918417
2,158.85714285714286,-59.838788470933075,286.60887367128,-1.3492971893799717
2,158.76923076923077,-60.01465559355154,286.65835505784065,-1.5237192711114993
2,158.5054945054945,-60.01465559355154,286.54421701129525,-1.5897184955214179
2,158.32967032967034,-59.838788470933075,286.37948108045117,-1.4821380204794588
2,158.5054945054945,-59.75085490962384,286.41164189177545,-1.361625711503251
2,158.41758241758242,-59.57498778700537,286.28478372476377,-1.231948700189074
2,158.32967032967034,-59.48705422569614,286.2019433827328,-1.1784697677513316
2,158.32967032967034,-59.31118710307767,286.11318967395306,-1.0266312180630222
2,158.5054945054945,-59.22325354176844,286.14656270968936,-0.9054195073536249
2,158.76923076923077,-59.22325354176844,286.26340233714046,-0.8378638476175674
2,158.94505494505495,-59.13531998045921,286.29776824925096,-0.7167579448898237
2,159.12087912087912,-59.13531998045921,286.3761236621058,-0.6720661428093194
3,150.24175824175825,-55.881778212017586,280.6101023302324,-0.5814654980800293
3,150.41758241758242,-56.05764533463606,280.79451822552426,-0.6627420616062365
3,150.5934065934066,-56.145578895945285,280.92573071493644,-0.6743123468407582
3,150.85714285714286,-56.145578895945285,281.04359468566145,-0.5865841541860797
3,151.03296703296704,-56.05764533463606,281.0701609578483,-0.4575781966478045
3,151.2967032967033,-56.05764533463606,281.18884589759244,-0.3704006471084349
3,151.47252747252747,-56.145578895945285,281.319895132015,-0.3836326853076
3,151.64835164835165,-56.145578895945285,281.39916685683704,-0.32609811354088236
3,151.47252747252747,-56.23351245725452,281.3716386844362,-0.4547316278960745
3,151.56043956043956,-56.40937957987298,281.5144749014906,-0.5683329278409701
3,151.64835164835165,-56.49731314118222,281.60542248546557,-0.6110165713680904
3,151.82417582417582,-56.58524670249145,281.73549773941437,-0.6255666964248434
3,152.0,-56.49731314118222,281.7629468111554,-0.4975982289214312
3,152.17582417582418,-56.40937957987298,281.79090529561614,-0.36956951843530134
3,152.43956043956044,-56.40937957987298,281.90991360667664,-0.2851408654008996
3,152.6153846153846,-56.40937957987298,281.98943095746785,-0.22910816705841763
3,152.79120879120882,-56.49731314118222,282.11946718181724,-0.24535171424410174
3,153.05494505494508,-56.58524670249145,282.2890464426326,-0.234446806477224
3,153.23076923076925,-56.67318026380069,282.41860611237433,-0.2517755101869585
3,153.31868131868134,-56.84904738641915,282.5580355026936,-0.3692968816737037
3,153.49450549450552,-56.93698094772839,282.6869711962634,-0.3875038839651722
3,153.6703296703297,-56.84904738641915,282.7167679346403,-0.2607467700597938
3,153.84615384615387,-56.761113825109916,282.74707661628787,-0.13393974357435223
3,154.02197802197804,-56.67318026380069,282.7778974626376,-0.007084682309858058
3,154.19780219780222,-56.58524670249145,282.80923069966883,0.1198165362479508
3,154.46153846153848,-56.58524670249145,282.9301063252441,0.2003359336607878
3,154.63736263736266,-56.67318026380069,283.05928315948637,0.18035545587006074
3,154.81318681318683,-56.67318026380069,283.13998774382645,0.23344463625031137
3,154.989010989011,-56.761113825109916,283.2688717256346,0.21267686091374702
3,155.16483516483518,-56.93698094772839,283.4453649971683,0.1176811845499781
3,155.25274725274727,-57.024914509037615,283.53337709936926,0.06992058595600892
3,155.42857142857144,-57.200781631656085,283.7089305452101,-0.0261248172156657
3,155.51648351648353,-57.28871519296531,283.79647121546697,-0.0744090920180732
3,155.60439560439562,-57.46458231558378,283.93123017006366,-0.1969473110152895
3,155.60439560439562,-57.640449438202246,284.02598379168177,-0.3451066910968253
3,155.60439560439562,-57.81631656082072,284.12074036501525,-0.4932651273289841
3,155.60439560439562,-57.904250122129945,284.16812015462733,-0.567343864855911
3,155.7802197802198,-57.99218368343918,284.2940794032813,-0.5913113694468796
3,156.04395604395606,-58.080117244748415,284.4590888415208,-0.5909098150214864
3,156.21978021978023,-57.99218368343918,284.49108728834517,-0.4669255837382624
3,156.4835164835165,-57.99218368343918,284.6096755247076,-0.39290743772358355
3,156.65934065934067,-57.904250122129945,284.6426711083523,-0.2690128067494419
3,156.74725274725276,-57.99218368343918,284.72854968377993,-0.31935103625180006
3,156.83516483516485,-58.16805080605765,284.86029524880286,-0.4447850514935342
3,156.92307692307693,-58.25598436736688,284.9457525932442,-0.49552426842561303
3,157.0989010989011,-58.25598436736688,285.0247007465482,-0.4473072960121191
3,156.92307692307693,-58.34391792867611,284.99168623608915,-0.5705082304044407
3,156.83516483516485,-58.519785051294576,285.04442282331604,-0.7444811382643478
3,156.65934065934067,-58.60771861260381,285.0124776007019,-0.8674489097483951
3,156.3956043956044,-58.60771861260381,284.8957395636125,-0.9398956792159312
3,156.21978021978023,-58.69565217391305,284.86478903542843,-1.0629466164813755
3,156.13186813186815,-58.87151929653151,284.91973733965995,-1.2361143418455798
3,155.86813186813188,-58.87151929653151,284.80443449837946,-1.3089195989193878
3,155.7802197802198,-59.04738641914997,284.86048834261703,-1.481673748740287
3,155.60439560439562,-59.13531998045921,284.8316367170057,-1.604382391591366
3,155.34065934065936,-59.13531998045921,284.71776654953186,-1.6775278929832236
3,155.16483516483518,-59.04738641914997,284.59411554622034,-1.652777876006087
3,154.90109890109892,-59.04738641914997,284.48042672690514,-1.7268469884041957
3,154.63736263736266,-59.04738641914997,284.36702242679314,-1.80135735135931
3,154.3736263736264,-59.04738641914997,284.25390398280115,-1.876307565081773
3,154.19780219780222,-59.13531998045921,284.2275991083366,-1.9995880119623308
3,153.93406593406596,-59.13531998045921,284.11524567510986,-2.075077790340008
3,153.6703296703297,-59.13531998045921,284.00318082784105,-2.1510026858112083
3,153.40659340659343,-59.04738641914997,283.8416033721155,-2.154865436693877
3,153.23076923076925,-59.04738641914997,283.76705949133833,-2.2061401892797625
3,153.05494505494508,-58.959452857840745,283.6424707356498,-2.185367468602668
3,152.967032967033,-58.783585735222275,283.5046949668093,-2.066882768151561
3,152.79120879120882,-58.69565217391305,283.37947126504196,-2.046976090382616
3,152.70329670329673,-58.519785051294576,283.2409779107275,-1.9292097786976117
3,152.52747252747253,-58.43185148998535,283.1151248906723,-1.9101725015256
3,152.52747252747253,-58.25598436736688,283.0137185139034,-1.7664485330082333
3,152.6153846153846,-58.080117244748415,282.9503486744736,-1.5959583805425532
3,152.70329670329673,-57.904250122129945,282.88739900904733,-1.4252523232017449
3,152.6153846153846,-57.72838299951148,282.7479807394139,-1.3082248528282197
3,152.52747252747253,-57.640449438202246,282.65891135425375,-1.2633740609045212
3,152.43956043956044,-57.640449438202246,282.62046064395213,-1.2905086157659373
3,152.17582417582418,-57.640449438202246,282.5053150285615,-1.3722073737790939
3,152.0,-57.640449438202246,282.4287238406341,-1.4269185602021672
3,151.82417582417582,-57.640449438202246,282.3522711237742,-1.481825498054857
3,151.56043956043956,-57.55251587689302,282.18616504528666,-1.4933998367420078
3,151.3846153846154,-57.55251587689302,282.10987705440044,-1.548926406999469
3,151.12087912087912,-57.55251587689302,281.99570786044137,-1.6325809291278481
3,150.94505494505495,-57.37664875427455,281.81512907483244,-1.5472138033957743
3,150.76923076923077,-57.28871519296531,281.6864729126962,-1.5331283069592592
3,150.5934065934066,-57.28871519296531,281.6102747132905,-1.589928544234243
3,150.32967032967034,-57.200781631656085,281.4433002446658,-1.6052677034535703
3,150.24175824175825,-57.11284807034685,281.35224067019004,-1.5637944609795948
3,149.97802197802199,-57.11284807034685,281.2381023991936,-1.650341504946212
3,149.8021978021978,-57.024914509037615,281.1087151501307,-1.6384588763320107
3,149.62637362637363,-56.93698094772839,280.9791195780838,-1.627038710033471
3,149.45054945054946,-56.84904738641915,280.8493173619069,-1.61608155360507
3,149.27472527472528,-56.761113825109916,280.7193101809319,-1.605587944032064
3,149.0989010989011,-56.67318026380069,280.5890997148776,-1.5955584077090608
3,148.92307692307693,-56.58524670249145,280.4586876437582,-1.5859934604193917
3,148.74725274725276,-56.40937957987298,280.2735621456598,-1.507880980542641
3,148.92307692307693,-56.321446018563755,280.2956744363266,-1.3785439360280398
3,149.0989010989011,-56.23351245725452,280.3182914225757,-1.2491250691873939
3,149.1868131868132,-56.05764533463606,280.24869554197153,-1.0803466715320933
3,149.27472527472528,-55.881778212017586,280.1794990064742,-0.9113407672716521
3,149.45054945054946,-55.96971177332682,280.3112450826015,-0.9204848723951384
3,149.62637362637363,-55.881778212017586,280.3355558562257,-0.7906953256877287
3,149.8901098901099,-55.881778212017586,280.45299370264655,-0.7007284839127963
3,150.15384615384616,-55.881778212017586,280.57076906575423,-0.6112068317571825
4,155.95604395604397,-58.69565217391305,284.74881055002925,-1.1359671583755666
4,155.95604395604397,-58.69565217391305,284.74881055002925,-1.1359671583755666
5,151.64835164835165,-57.024914509037615,281.91485013810643,-1.0383782569188584
5,151.47252747252747,-57.11284807034685,281.8891565691215,-1.1656910848299749
5,151.47252747252747,-57.28871519296531,281.9926864072398,-1.307873420025778
5,151.64835164835165,-57.37664875427455,282.1211795980842,-1.3232699916403199
5,151.82417582417582,-57.28871519296531,282.1466406188081,-1.19642007440753
5,151.9120879120879,-57.11284807034685,282.08260166807736,-1.0258398489298473
5,151.73626373626374,-57.11284807034685,282.005117682522,-1.081632291927803
6,150.24175824175825,-56.49731314118222,280.9811119403135,-1.0726524695846742
6,150.24175824175825,-56.49731314118222,280.9811119403135,-1.0726524695846742
7,149.8021978021978,-56.23351245725452,280.6275809926924,-1.0100059439013198
7,149.53846153846155,-56.23351245725452,280.51131747412006,-1.0993095403670248
7,149.8021978021978,-56.321446018563755,280.68102903658473,-1.0798383732893517
8,131.95604395604397,-27.74303859306302,251.22214151109654,9.832658714610853
8,132.04395604395606,-27.91890571568149,251.4114231707487,9.78590817558053
8,131.95604395604397,-28.094772838299953,251.50370961237104,9.616560397126959
8,131.7802197802198,-27.91890571568149,251.26625401976065,9.601975503097208
8,131.6923076923077,-27.74303859306302,251.07695496757356,9.648245298303651
8,131.95604395604397,-27.74303859306302,251.22214151109654,9.832658714610853
9,134.15384615384616,-27.830972154372255,252.52374121319107,11.299319701941018
9,134.15384615384616,-28.094772838299953,252.7322514450961,11.13270880684831
9,133.97802197802199,-27.91890571568149,252.49337334817324,11.123247653448239
9,134.15384615384616,-27.830972154372255,252.52374121319107,11.299319701941018
10,137.14285714285717,-26.86370297997069,253.51055285152415,13.955761053959195
10,137.14285714285717,-27.127503663898388,253.71636908082738,13.78352675011925
10,136.96703296703296,-27.127503663898388,253.6112591969523,13.664949600269708
10,136.96703296703296,-26.86370297997069,253.40522342807128,13.836817688422324
10,137.14285714285717,-26.86370297997069,253.51055285152415,13.955761053959195
11,127.29670329670331,-24.313629702002928,245.91014790716102,8.498631276796937
11,127.29670329670331,-24.313629702002928,245.91014790716102,8.498631276796937
12,127.64835164835166,-24.13776257938447,245.95090057421572,8.862145136130554
12,127.47252747252749,-24.2256961406937,245.930366437691,8.680356114587077
12,127.3846153846154,-24.313629702002928,245.95662710896977,8.564248371137502
12,127.56043956043958,-24.40156326331217,246.12251184123946,8.644785346700225
12,127.64835164835166,-24.2256961406937,246.02366669583702,8.811525376483525
13,127.3846153846154,-22.02735710796287,244.05659601003057,9.871817877029347
13,127.20879120879123,-22.115290669272113,244.0358509797282,9.687797358982078
13,127.3846153846154,-22.20322423058134,244.2032621389073,9.771596950723684
13,127.56043956043958,-22.20322423058134,244.29754092223547,9.905277670824779
13,127.47252747252749,-22.115290669272113,244.17707213561263,9.888624338926578
14,126.32967032967034,-19.12554958475819,241.0543229792618,10.689938364849114
14,126.24175824175825,-19.301416707376646,241.15597348023687,10.523091046145447
14,126.15384615384616,-19.213483146067418,241.03470262925833,10.503012587436855
14,126.32967032967034,-19.12554958475819,241.0543229792618,10.689938364849114
15,123.51648351648353,-17.806546165119684,238.45209761904337,9.17678850504573
15,123.34065934065936,-17.894479726428926,238.43629358676736,8.9883791107417
15,123.51648351648353,-18.070346849047382,238.67742666057023,9.035051669041648
15,123.51648351648353,-17.806546165119684,238.45209761904337,9.17678850504573
16,358.24175824175825,39.26233512457253,110.74654180043574,-22.22191436738044
16,357.978021978022,39.26233512457253,110.53270408280741,-22.171942159092954
16,357.7142857142857,39.26233512457253,110.31917810763754,-22.12111498332302
16,357.53846153846155,39.1744015632633,110.15290505494836,-22.17180915238245
16,357.3626373626374,39.086468001954074,109.98622894649122,-22.221992152831678
16,357.1868131868132,38.998534440644846,109.8191520579167,-22.27166239542689
16,357.09890109890114,38.82266731802639,109.69818350585419,-22.42361932531629
16,357.010989010989,38.646800195407906,109.57661509415783,-22.57533368346342
16,356.83516483516485,38.55886663409868,109.4078793343124,-22.623761413290435
16,356.65934065934067,38.47093307278945,109.23874974060222,-22.671669249306944
16,356.39560439560444,38.47093307278945,109.02340134963615,-22.615676705219098
16,356.3076923076923,38.295065950170965,108.89931863844222,-22.7659191037341
16,356.13186813186815,38.20713238886174,108.72902197764765,-22.812258087006267
16,355.95604395604397,38.11919882755251,108.55834117810055,-22.858071106495256
16,355.69230769230774,38.11919882755251,108.34241408907012,-22.799374481119443
16,355.51648351648356,38.11919882755251,108.19866764711703,-22.759768072728235
16,355.3406593406594,38.11919882755251,108.05508668357392,-22.719782202700113
16,355.0769230769231,38.20713238886174,107.86807764325167,-22.575058273787384
16,355.0769230769231,38.47093307278945,107.95202118500755,-22.322923777506183
16,355.0769230769231,38.734733756717134,108.03566189688118,-22.070746224967014
16,354.98901098901104,38.82266731802639,107.99287718991323,-21.966554389955448
16,354.81318681318686,38.734733756717134,107.823614752501,-22.009986530813755
16,354.6373626373627,38.82266731802639,107.7108944288513,-21.88513122141746
16,354.54945054945057,38.82266731802639,107.64050229443296,-21.8645432657098
16,354.3736263736264,38.734733756717134,107.47103364898967,-21.906859464761762
16,354.28571428571433,38.734733756717134,107.40064341833835,-21.88595569084991
16,354.02197802197804,38.734733756717134,107.18972741179613,-21.822689214367163
16,353.84615384615387,38.646800195407906,107.01974653322945,-21.863584451823165
16,353.6703296703297,38.734733756717134,106.90910587071868,-21.737041834471658
16,353.58241758241763,38.55886663409868,106.77912017847738,-21.882229277902823
16,353.40659340659346,38.47093307278945,106.60840104775058,-21.921839459632594
16,353.31868131868134,38.295065950170965,106.47723502528393,-22.066361818135082
16,353.14285714285717,38.47093307278945,106.39768789892892,-21.855454085225606
16,353.0549450549451,38.55886663409868,106.35829317937328,-21.749974084089807
16,352.87912087912093,38.646800195407906,106.24933430515095,-21.622062383865156
16,352.7912087912088,38.47093307278945,106.11736455212622,-21.765654646206116
16,352.61538461538464,38.38299951148022,105.9460795460561,-21.803164375526322
16,352.5274725274726,38.20713238886174,105.81294198643396,-21.94607917774817
16,352.43956043956047,38.03126526624328,105.67922076104118,-22.08871317264852
16,352.2637362637363,37.94333170493405,105.5064330271981,-22.124882123093244
16,352.1758241758242,37.76746458231558,105.37154377122746,-22.26682875958577
16,352.0,37.67953102100634,105.19784485370671,-22.302050393309433
16,351.91208791208794,37.503663898387885,105.06178854693383,-22.443303002356966
16,351.73626373626377,37.41573033707864,104.88718494465603,-22.4775709746079
16,351.64835164835165,37.239863214460186,104.74996269963258,-22.61812290359475
16,351.4725274725275,37.151929653150944,104.57446108301565,-22.651430932050495
16,351.3846153846154,36.97606253053249,104.43607414824847,-22.79127554641527
16,351.3846153846154,36.80019540791402,104.3685751676312,-22.955779354934325
16,351.5604395604396,36.888128969223246,104.54521280143318,-22.923074910774897
16,351.73626373626377,36.97606253053249,104.72153388604605,-22.8898192071099
16,351.91208791208794,37.063996091841716,104.89753557989995,-22.85601336663726
16,352.1758241758242,37.063996091841716,105.11209586981383,-22.928262543618622
16,352.2637362637363,37.151929653150944,105.21616192831249,-22.869461003227265
16,352.5274725274726,37.063996091841716,105.39886652997897,-23.02329124916116
16,352.70329670329676,36.97606253053249,105.51066662611939,-23.153146573060717
16,352.70329670329676,36.80019540791402,105.44679098470999,-23.31893017264786
16,352.70329670329676,36.53639472398632,105.3506778970117,-23.56755682903629
16,352.5274725274726,36.44846116267709,105.1731700078653,-23.602879960962124
16,352.43956043956047,36.27259404005862,105.03545631620118,-23.74442094851838
16,352.2637362637363,36.18466047874938,104.85702713381372,-23.778776302238562
16,352.2637362637363,35.92085979482168,104.75821573855615,-24.026627225474517
16,352.43956043956047,35.83292623351245,104.87199283026021,-24.157931751636067
16,352.70329670329676,35.744992672203225,105.06012893117484,-24.313077190041938
16,352.87912087912093,35.83292623351245,105.2398931915757,-24.278015179313606
16,352.967032967033,35.744992672203225,105.28154806603156,-24.384678947967227
16,353.14285714285717,35.65705911089398,105.39754412632968,-24.514943792259164
16,353.31868131868134,35.481191988275526,105.48249330997474,-24.728062396209452
16,353.40659340659346,35.569125549584754,105.58856201376815,-24.668353866765482
16,353.58241758241763,35.569125549584754,105.73743746985045,-24.714806504300295
16,353.7582417582418,35.481191988275526,105.85543591108447,-24.844155504860304
16,353.84615384615387,35.65705911089398,105.99203907965622,-24.700424507255878
16,354.02197802197804,35.744992672203225,106.17177985619665,-24.662404823064453
16,354.1978021978022,35.83292623351245,106.35117030817668,-24.623829349344575
16,354.3736263736264,35.92085979482168,106.53020755103954,-24.584699386670025
16,354.4615384615385,35.83292623351245,106.57475685132107,-24.690372208389928
16,354.6373626373627,35.744992672203225,106.69437024246237,-24.81794649919479
16,354.9010989010989,35.65705911089398,106.88972074394029,-24.96694901590552
16,355.1648351648352,35.65705911089398,107.11522627028853,-25.03136943496578
16,355.25274725274727,35.83292623351245,107.24809917477594,-24.884711570642448
16,355.42857142857144,35.92085979482168,107.42673559335648,-24.842765131769507
16,355.3406593406594,36.00879335613092,107.38034535623896,-24.73778173931042
16,355.1648351648352,36.18466047874938,107.28836186221731,-24.52772932933854
16,354.98901098901104,36.18466047874938,107.13952196857653,-24.48533807898989
16,354.81318681318686,36.27259404005862,107.02010027237841,-24.35874899088483
16,354.72527472527474,36.53639472398632,107.03381966893039,-24.085910902558325
16,354.9010989010989,36.62432828529555,107.21031211663636,-24.044714409594683
16,355.0769230769231,36.71226184660479,107.38643943777198,-24.002972908745406
16,355.3406593406594,36.71226184660479,107.60759700092581,-24.065442756358685
16,355.51648351648356,36.80019540791402,107.78323949353599,-24.02246351116348
16,355.7802197802198,36.80019540791402,108.00467637125475,-24.083364386674866
16,355.95604395604397,36.888128969223246,108.17981883829061,-24.039150350973046
16,356.13186813186815,36.80019540791402,108.30053402896338,-24.163200414904672
16,356.3076923076923,36.888128969223246,108.47550168754316,-24.118061449406877
16,356.21978021978026,37.063996091841716,108.45523318679179,-23.929596546802394
16,356.4835164835165,37.063996091841716,108.67653389635008,-23.987834899003136
16,356.65934065934067,37.151929653150944,108.8504315085771,-23.941547980902456
16,356.83516483516485,37.239863214460186,109.02393778930193,-23.89472725370396
16,357.09890109890114,37.239863214460186,109.24531894997467,-23.95070566561009
16,357.2747252747253,37.327796775769414,109.41827870078596,-23.902663984483667
16,357.3626373626374,37.503663898387885,109.54208332511818,-23.751077573271694
16,357.2747252747253,37.67953102100634,109.51863802363974,-23.563139999677002
16,357.2747252747253,37.85539814362481,109.56862295800414,-23.393353891231996
16,357.2747252747253,38.03126526624328,109.6184798949618,-23.22355193289555
16,357.3626373626374,38.20713238886174,109.7407251723116,-23.071637132739067
16,357.53846153846155,38.295065950170965,109.9102955651565,-23.022140548191757
16,357.7142857142857,38.38299951148022,110.07946248374942,-22.972124591255888
16,357.978021978022,38.38299951148022,110.29689217778655,-23.023902259353907
16,358.1538461538462,38.47093307278945,110.46547759544045,-22.97269432675083
16,358.24175824175825,38.646800195407906,110.58451903167884,-22.818976535278725
16,358.32967032967036,38.82266731802639,110.70295494698523,-22.66502484213274
16,358.24175824175825,38.998534440644846,110.67727476165962,-22.477817985039795
16,358.24175824175825,39.26233512457253,110.74654180043574,-22.22191436738044
17,83.34065934065934,43.746946751343415,166.1164159003507,5.767292721742711
17,83.16483516483517,43.65901319003419,166.12206512351565,5.612834518962278
17,82.98901098901099,43.57107962872496,166.12728149085,5.458207962338085
17,82.81318681318682,43.48314606741573,166.13206541632954,5.303414453194977
17,82.72527472527473,43.30727894479725,166.24542061536113,5.15419254404027
17,82.72527472527473,43.04347826086956,166.46759618634047,5.010609011283993
17,82.9010989010989,43.04347826086956,166.53772152921476,5.118463785508221
17,83.07692307692308,43.13141182217879,166.53338048125966,5.274033169224122
17,83.25274725274726,43.21934538348802,166.52860932143807,5.429437845352464
17,83.42857142857143,43.30727894479725,166.52340763193075,5.584676428445472
17,83.42857142857143,43.57107962872496,166.29982898623933,5.726411661775243
17,83.34065934065934,43.746946751343415,166.1164159003507,5.767292721742711
18,82.54945054945055,44.538348803126524,165.13876217302084,5.717998955056201
18,82.37362637362638,44.450415241817296,165.14410674324148,5.564917705580892
18,82.1978021978022,44.36248168050807,165.14901422675808,5.411667157850836
18,82.02197802197803,44.27454811919881,165.15348500252068,5.258248738014582
18,81.84615384615385,44.27454811919881,165.08387557683568,5.1531637198932785
18,81.75824175824177,44.450415241817296,164.90178464080316,5.197797625075717
18,81.67032967032968,44.538348803126524,164.79339842982446,5.194116423606043
18,81.4945054945055,44.450415241817296,164.79717245794015,5.040988936294719
18,81.40659340659342,44.27454811919881,164.9089643957268,4.8910699368553345
18,81.23076923076924,44.186614557889584,164.91189917598874,4.737460353933704
18,81.14285714285715,44.01074743527113,165.02297431514262,4.5869316584520945
18,81.23076923076924,43.746946751343415,165.27801826585463,4.49224103572526
18,81.40659340659342,43.83488031265267,165.27568899891924,4.64663062688046
18,81.4945054945055,44.01074743527113,165.16428075691547,4.797000444590982
18,81.67032967032968,44.098680996580356,165.16111790804723,4.9509139656567696
18,81.84615384615385,44.098680996580356,165.23115216931825,5.056155628722196
18,81.93406593406594,43.83488031265267,165.48709116700454,4.963477917093039
18,81.93406593406594,43.65901319003419,165.63436889497828,4.866535944102474
18,82.02197802197803,43.3952125061065,165.8905356666409,4.774364236373
18,82.1978021978022,43.48314606741573,165.88727638474222,4.929349869921171
18,82.37362637362638,43.57107962872496,165.88358483568732,5.084172967095807
18,82.54945054945055,43.65901319003419,165.87946064132728,5.238832134238138
18,82.63736263736264,43.83488031265267,165.76611561635212,5.387914491383717
18,82.63736263736264,44.098680996580356,165.54379531975934,5.531483130413095
18,82.54945054945055,44.27454811919881,165.36109720776463,5.574345031555971
18,82.54945054945055,44.538348803126524,165.13876217302084,5.717998955056201
